[
  {
    "address": "8-10 Rue David d'Angers",
    "area": "east",
    "entrance fee": "?",
    "id": "1",
    "name": "Piscine Georges Hermant",
    "phone": "153384930",
    "postcode": "75019",
    "pricerange": "?",
    "type": "swimmingpool"
  },
  {
    "address": "6 Rue Hermann-Lachapelle",
    "area": "north",
    "entrance fee": "?",
    "id": "35",
    "name": "Piscine des Amiraux",
    "phone": "146064647",
    "postcode": "75018",
    "pricerange": "?",
    "type": "swimmingpool"
  },
  {
    "address": "2 Rue des Fillettes",
    "area": "north",
    "entrance fee": "?",
    "id": "39",
    "name": "Piscine Hébert",
    "phone": "155268490",
    "postcode": "75018",
    "pricerange": "?",
    "type": "swimmingpool"
  },
  {
    "address": "10 Place de la Rotonde",
    "area": "centre",
    "entrance fee": "?",
    "id": "49",
    "name": "Suzanne Berlioux swimming pool",
    "phone": "142369844",
    "postcode": "75001",
    "pricerange": "?",
    "type": "swimmingpool"
  },
  {
    "address": "38 Rue de Montpensier",
    "area": "centre",
    "entrance fee": "?",
    "id": "2",
    "name": "Théâtre du Palais-Royal",
    "phone": "142974000",
    "postcode": "75001",
    "pricerange": "?",
    "type": "theatre"
  },
  {
    "address": "2 Pl. du Châtelet",
    "area": "centre",
    "entrance fee": "?",
    "id": "10",
    "name": "Théâtre de la Ville",
    "phone": "142742277",
    "postcode": "75004",
    "pricerange": "?",
    "type": "theatre"
  },
  {
    "address": "6 Rue Pierre au Lard",
    "area": "centre",
    "entrance fee": "?",
    "id": "44",
    "name": "Essaïon Théâtre",
    "phone": "142784642",
    "postcode": "75004",
    "pricerange": "?",
    "type": "theatre"
  },
  {
    "address": "37 Rue Volta",
    "area": "centre",
    "entrance fee": "?",
    "id": "66",
    "name": "Théâtre du Marais",
    "phone": "171739783",
    "postcode": "75003",
    "pricerange": "?",
    "type": "theatre"
  },
  {
    "address": "75 Bd du Montparnasse",
    "area": "south",
    "entrance fee": "?",
    "id": "71",
    "name": "Poche-Montparnasse Theatre",
    "phone": "145445021",
    "postcode": "75006",
    "pricerange": "?",
    "type": "theatre"
  },
  {
    "address": "12 Pl. du Panthéon",
    "area": "centre",
    "entrance fee": "free",
    "id": "3",
    "name": "Université Paris 1 Panthéon-Sorbonne",
    "phone": "144078000",
    "postcode": "75231",
    "pricerange": "free",
    "type": "college"
  },
  {
    "address": "15-21 Rue de l'École de Médecine",
    "area": "centre",
    "entrance fee": "free",
    "id": "32",
    "name": "Sorbonne Université",
    "phone": "144274427",
    "postcode": "75006",
    "pricerange": "free",
    "type": "college"
  },
  {
    "address": "60 Rue Mazarine",
    "area": "centre",
    "entrance fee": "free",
    "id": "40",
    "name": "Université Paris Sciences & Lettres",
    "phone": "185760870",
    "postcode": "75006",
    "pricerange": "free",
    "type": "college"
  },
  {
    "address": "14 Rue Bonaparte",
    "area": "centre",
    "entrance fee": "free",
    "id": "48",
    "name": "l'École nationale supérieure des Beaux-Arts",
    "phone": "147035000",
    "postcode": "75006",
    "pricerange": "free",
    "type": "college"
  },
  {
    "address": "15 Rue Montmartre",
    "area": "centre",
    "entrance fee": "2 Euros",
    "id": "31",
    "name": "Collège de Paris",
    "phone": "155230808",
    "postcode": "75001",
    "pricerange": "cheap",
    "type": "college"
  },
  {
    "address": "5 Bd Poissonnière",
    "area": "centre",
    "entrance fee": "5 Euros",
    "id": "64",
    "name": "Rex Club",
    "phone": "142361096",
    "postcode": "75002",
    "pricerange": "cheap",
    "type": "nightclub"
  },
  {
    "address": "9 Rue de la Grande Truanderie",
    "area": "centre",
    "entrance fee": "8 Euros",
    "id": "4",
    "name": "The Rexy Paris",
    "phone": "624999043",
    "postcode": "75001",
    "pricerange": "moderate",
    "type": "nightclub"
  },
  {
    "address": "14 Rue Saint-Denis",
    "area": "centre",
    "entrance fee": "12 Euros",
    "id": "24",
    "name": "Le Klub",
    "phone": "142714930",
    "postcode": "75001",
    "pricerange": "moderate",
    "type": "nightclub"
  },
  {
    "address": "8 Bd de la Madeleine",
    "area": "centre",
    "entrance fee": "5 Euros",
    "id": "36",
    "name": "Monsieur Cirque",
    "phone": "629427369",
    "postcode": "75009",
    "pricerange": "moderate",
    "type": "nightclub"
  },
  {
    "address": "18 Rue du Faubourg du Temple",
    "area": "centre",
    "entrance fee": "6 Euros",
    "id": "69",
    "name": "Gibus Club",
    "phone": "143574421",
    "postcode": "75011",
    "pricerange": "moderate",
    "type": "nightclub"
  },
  {
    "address": "15 Rue Bernard Palissy",
    "area": "south",
    "entrance fee": "?",
    "id": "73",
    "name": "Maggy's Club Paris",
    "phone": "145484222",
    "postcode": "75006",
    "pricerange": "moderate",
    "type": "nightclub"
  },
  {
    "address": "11 Av. du Président Wilson",
    "area": "east",
    "entrance fee": "free",
    "id": "11",
    "name": "Paris Museum of Modern Art",
    "phone": "153674000",
    "postcode": "75116",
    "pricerange": "free",
    "type": "museum"
  },
  {
    "address": "37 Quai Branly",
    "area": "east",
    "entrance fee": "free",
    "id": "29",
    "name": "Musée du quai Branly - Jacques Chirac",
    "phone": "156617000",
    "postcode": "75007",
    "pricerange": "free",
    "type": "museum"
  },
  {
    "address": "6 Pl. d'Iéna",
    "area": "east",
    "entrance fee": "free",
    "id": "57",
    "name": "Musée national des arts asiatiques Guimet",
    "phone": "156525300",
    "postcode": "75116",
    "pricerange": "free",
    "type": "museum"
  },
  {
    "address": "Rue de Rivoli",
    "area": "centre",
    "entrance fee": "free",
    "id": "5",
    "name": "Louvre Museum",
    "phone": "140205050",
    "postcode": "75001",
    "pricerange": "free",
    "type": "museum"
  },
  {
    "address": "Jardin Tuileries",
    "area": "centre",
    "entrance fee": "free",
    "id": "13",
    "name": "Musée de l'Orangerie",
    "phone": "144504300",
    "postcode": "75001",
    "pricerange": "free",
    "type": "museum"
  },
  {
    "address": "107 Rue de Rivoli",
    "area": "centre",
    "entrance fee": "free",
    "id": "16",
    "name": "Musée des Arts Décoratifs",
    "phone": "144555750",
    "postcode": "75001",
    "pricerange": "free",
    "type": "museum"
  },
  {
    "address": "60 Rue Réaumur",
    "area": "centre",
    "entrance fee": "free",
    "id": "45",
    "name": "Musée des Arts et Métiers",
    "phone": "153018200",
    "postcode": "75003",
    "pricerange": "free",
    "type": "museum"
  },
  {
    "address": "5 Rue de Thorigny",
    "area": "centre",
    "entrance fee": "free",
    "id": "52",
    "name": "Musée National Picasso-Paris",
    "phone": "185560036",
    "postcode": "75003",
    "pricerange": "free",
    "type": "museum"
  },
  {
    "address": "10 Bd Montmartre",
    "area": "centre",
    "entrance fee": "free",
    "id": "54",
    "name": "Grévin Museum",
    "phone": "147708505",
    "postcode": "75009",
    "pricerange": "free",
    "type": "museum"
  },
  {
    "address": "23 Rue de Sévigné",
    "area": "centre",
    "entrance fee": "free",
    "id": "56",
    "name": "Carnavalet Museum",
    "phone": "144595858",
    "postcode": "75003",
    "pricerange": "free",
    "type": "museum"
  },
  {
    "address": "19 Rue Beaubourg",
    "area": "centre",
    "entrance fee": "free",
    "id": "60",
    "name": "Center Georges Pompidou",
    "phone": "144781257",
    "postcode": "75004",
    "pricerange": "free",
    "type": "museum"
  },
  {
    "address": "28 Bd de Bonne Nouvelle",
    "area": "centre",
    "entrance fee": "free",
    "id": "70",
    "name": "Musée du Chocolat",
    "phone": "142296860",
    "postcode": "75010",
    "pricerange": "free",
    "type": "museum"
  },
  {
    "address": "44 Rue du Faubourg Montmartre",
    "area": "centre",
    "entrance fee": "free",
    "id": "78",
    "name": "The World Of Banksy Expo Paris",
    "phone": "182832855",
    "postcode": "75009",
    "pricerange": "free",
    "type": "museum"
  },
  {
    "address": "16 Rue Cadet",
    "area": "centre",
    "entrance fee": "free",
    "id": "79",
    "name": "Musée de la Franc-Maçonnerie",
    "phone": "145237409",
    "postcode": "75009",
    "pricerange": "free",
    "type": "museum"
  },
  {
    "address": "18 Rue Antoine Bourdelle",
    "area": "south",
    "entrance fee": "free",
    "id": "6",
    "name": "Bourdelle Museum",
    "phone": "149547373",
    "postcode": "75015",
    "pricerange": "free",
    "type": "museum"
  },
  {
    "address": "158 Bd Haussmann",
    "area": "west",
    "entrance fee": "free",
    "id": "7",
    "name": "Musée Jacquemart-André",
    "phone": "145621159",
    "postcode": "75008",
    "pricerange": "free",
    "type": "museum"
  },
  {
    "address": "48 Rue de Courcelles",
    "area": "west",
    "entrance fee": "free",
    "id": "12",
    "name": "Pagoda Paris",
    "phone": "145610693",
    "postcode": "75008",
    "pricerange": "free",
    "type": "museum"
  },
  {
    "address": "Av. Winston Churchill",
    "area": "west",
    "entrance fee": "free",
    "id": "37",
    "name": "Petit Palais",
    "phone": "153434000",
    "postcode": "75008",
    "pricerange": "free",
    "type": "museum"
  },
  {
    "address": "43 Av. de Villiers",
    "area": "west",
    "entrance fee": "free",
    "id": "41",
    "name": "Musée national Jean-Jacques Henner",
    "phone": "183625617",
    "postcode": "75017",
    "pricerange": "free",
    "type": "museum"
  },
  {
    "address": "13 Av. du Président Wilson",
    "area": "west",
    "entrance fee": "free",
    "id": "46",
    "name": "Palais de Tokyo",
    "phone": "181697751",
    "postcode": "75116",
    "pricerange": "free",
    "type": "museum"
  },
  {
    "address": "17 Pl. du Trocadéro et du 11 Novembre",
    "area": "west",
    "entrance fee": "free",
    "id": "51",
    "name": "Musée de l'Homme",
    "phone": "144057272",
    "postcode": "75116",
    "pricerange": "free",
    "type": "museum"
  },
  {
    "address": "2 Rue Louis Boilly",
    "area": "west",
    "entrance fee": "12 Euros",
    "id": "9",
    "name": "Musée Marmottan Monet",
    "phone": "144965033",
    "postcode": "75016",
    "pricerange": "moderate",
    "type": "museum"
  },
  {
    "address": "53 Av. des Terroirs de France",
    "area": "east",
    "entrance fee": "16 Euros",
    "id": "14",
    "name": "The Pavillons of Bercy - Museum of Fairground Arts",
    "phone": "143401622",
    "postcode": "75012",
    "pricerange": "expensive",
    "type": "museum"
  },
  {
    "address": "11 Bd de la Bastille",
    "area": "east",
    "entrance fee": "?",
    "id": "8",
    "name": "Paris Luxury Boat",
    "phone": "660160079",
    "postcode": "75012",
    "pricerange": "?",
    "type": "waterpark"
  },
  {
    "address": "13 Quai de la Loire",
    "area": "north",
    "entrance fee": "?",
    "id": "55",
    "name": "CANAUXRAMA",
    "phone": "142391500",
    "postcode": "75019",
    "pricerange": "?",
    "type": "waterpark"
  },
  {
    "address": "1 Square du Vert Galant",
    "area": "centre",
    "entrance fee": "?",
    "id": "61",
    "name": "Vedettes du Pont Neuf",
    "phone": "146339838",
    "postcode": "75001",
    "pricerange": "?",
    "type": "waterpark"
  },
  {
    "address": "Quai de Montebello",
    "area": "centre",
    "entrance fee": "?",
    "id": "67",
    "name": "Bateaux Parisiens",
    "phone": "176641445",
    "postcode": "75005",
    "pricerange": "?",
    "type": "waterpark"
  },
  {
    "address": "1 Rue Botzaris",
    "area": "east",
    "entrance fee": "free",
    "id": "18",
    "name": "Parc des Buttes-Chaumont",
    "phone": "148038310",
    "postcode": "75019",
    "pricerange": "free",
    "type": "park"
  },
  {
    "address": "Pl. Saint-Pierre",
    "area": "north",
    "entrance fee": "free",
    "id": "43",
    "name": "Square Louise Michel",
    "phone": "153411818",
    "postcode": "75018",
    "pricerange": "free",
    "type": "park"
  },
  {
    "address": "Place Edmond Rostand",
    "area": "south",
    "entrance fee": "free",
    "id": "62",
    "name": "Le Jardin du Luxembourg",
    "phone": "142342000",
    "postcode": "75006",
    "pricerange": "free",
    "type": "park"
  },
  {
    "address": "57 Rue Cuvier",
    "area": "south",
    "entrance fee": "free",
    "id": "76",
    "name": "Jardin des Plantes",
    "phone": "140795601",
    "postcode": "75005",
    "pricerange": "free",
    "type": "park"
  },
  {
    "address": "Pl. de la Concorde",
    "area": "centre",
    "entrance fee": "4 Euros",
    "id": "15",
    "name": "Jardin des Tuileries",
    "phone": "140205317",
    "postcode": "75001",
    "pricerange": "moderate",
    "type": "park"
  },
  {
    "address": "35 Rue des Grands Champs",
    "area": "east",
    "entrance fee": "?",
    "id": "17",
    "name": "Arkose Nation",
    "phone": "171931434",
    "postcode": "75020",
    "pricerange": "?",
    "type": "entertainment"
  },
  {
    "address": "49 Bd Saint-Michel",
    "area": "east",
    "entrance fee": "?",
    "id": "28",
    "name": "VR & Co - Salle de Réalité Virtuelle Paris",
    "phone": "142037671",
    "postcode": "75005",
    "pricerange": "?",
    "type": "entertainment"
  },
  {
    "address": "111 Rue Saint-Maur",
    "area": "south",
    "entrance fee": "?",
    "id": "47",
    "name": "Le BAP",
    "phone": "143558721",
    "postcode": "75011",
    "pricerange": "?",
    "type": "entertainment"
  },
  {
    "address": "1 Av. du Colonel Henri Rol-Tanguy",
    "area": "south",
    "entrance fee": "?",
    "id": "65",
    "name": "Les Catacombes de Paris",
    "phone": "143224763",
    "postcode": "75014",
    "pricerange": "?",
    "type": "entertainment"
  },
  {
    "address": "En sous-sol, 1 Av. Foch",
    "area": "west",
    "entrance fee": "?",
    "id": "77",
    "name": "Bowling Foch",
    "phone": "145000013",
    "postcode": "75016",
    "pricerange": "?",
    "type": "entertainment"
  },
  {
    "address": "25 Rue de la Lune",
    "area": "centre",
    "entrance fee": "free",
    "id": "19",
    "name": "Église Notre-Dame-de-Bonne-Nouvelle",
    "phone": "142336574",
    "postcode": "75002",
    "pricerange": "free",
    "type": "architecture"
  },
  {
    "address": "76 Rue de la Verreri",
    "area": "centre",
    "entrance fee": "free",
    "id": "26",
    "name": "Église Saint-Merry",
    "phone": "142719393",
    "postcode": "75004",
    "pricerange": "free",
    "type": "architecture"
  },
  {
    "address": "6 Parvis Notre-Dame - Pl. Jean-Paul II",
    "area": "centre",
    "entrance fee": "free",
    "id": "27",
    "name": "Cathédrale Notre-Dame de Paris",
    "phone": "142345610",
    "postcode": "75004",
    "pricerange": "free",
    "type": "architecture"
  },
  {
    "address": "10 Bd du Palais",
    "area": "centre",
    "entrance fee": "free",
    "id": "30",
    "name": "Sainte-Chapelle",
    "phone": "153406080",
    "postcode": "75001",
    "pricerange": "free",
    "type": "architecture"
  },
  {
    "address": "2 Imp. Saint-Eustache",
    "area": "centre",
    "entrance fee": "free",
    "id": "33",
    "name": "Église Saint-Eustache",
    "phone": "142363105",
    "postcode": "75001",
    "pricerange": "free",
    "type": "architecture"
  },
  {
    "address": "Pl. de la Madeleine",
    "area": "centre",
    "entrance fee": "free",
    "id": "34",
    "name": "L'église de la Madeleine",
    "phone": "144516900",
    "postcode": "75008",
    "pricerange": "free",
    "type": "architecture"
  },
  {
    "address": "Pl. Charles de Gaulle",
    "area": "centre",
    "entrance fee": "free",
    "id": "38",
    "name": "Arc de Triomphe",
    "phone": "155377377",
    "postcode": "75008",
    "pricerange": "free",
    "type": "architecture"
  },
  {
    "address": "Pl. du Panthéon, ",
    "area": "centre",
    "entrance fee": "free",
    "id": "50",
    "name": "Panthéon",
    "phone": "144321800",
    "postcode": "75005",
    "pricerange": "free",
    "type": "architecture"
  },
  {
    "address": "59 Rue Vercingétorix",
    "area": "centre",
    "entrance fee": "free",
    "id": "58",
    "name": "Église Notre-Dame-du-Travail",
    "phone": "144107292",
    "postcode": "75014",
    "pricerange": "free",
    "type": "architecture"
  },
  {
    "address": "129 Rue de Grenelle",
    "area": "centre",
    "entrance fee": "free",
    "id": "63",
    "name": "Hôtel des Invalides",
    "phone": "810113399",
    "postcode": "75007",
    "pricerange": "fre",
    "type": "architecture"
  },
  {
    "address": "Champ de Mars, 5 Av. Anatole France",
    "area": "west",
    "entrance fee": "free",
    "id": "20",
    "name": "Eiffel Tower",
    "phone": "892701239",
    "postcode": "75007",
    "pricerange": "free",
    "type": "architecture"
  },
  {
    "address": "1 Pl. du Trocadéro et du 11 Novembre",
    "area": "west",
    "entrance fee": "free",
    "id": "23",
    "name": "Palais de Chaillot",
    "phone": "140721616",
    "postcode": "75016",
    "pricerange": "free",
    "type": "architecture"
  },
  {
    "address": "9 Rue de Courcelles",
    "area": "west",
    "entrance fee": "free",
    "id": "42",
    "name": "Église Saint-Philippe-du-Roule",
    "phone": "153530040",
    "postcode": "75008",
    "pricerange": "free",
    "type": "architecture"
  },
  {
    "address": "129 Rue de Grenelle",
    "area": "centre",
    "entrance fee": "2 Euros",
    "id": "25",
    "name": "Tombeau de Napoléon 1er",
    "phone": "144423877",
    "postcode": "75007",
    "pricerange": "cheap",
    "type": "architecture"
  },
  {
    "address": "Pl. de l'Opéra",
    "area": "centre",
    "entrance fee": "12 Euros",
    "id": "74",
    "name": "Palais Garnier",
    "phone": "171252423",
    "postcode": "75009",
    "pricerange": "cheap",
    "type": "architecture"
  },
  {
    "address": "99 Rue St. Antoine",
    "area": "centre",
    "entrance fee": "3 Euros",
    "id": "59",
    "name": "Église Saint-Paul-Saint-Louis",
    "phone": "142723032",
    "postcode": "75004",
    "pricerange": "moderate",
    "type": "architecture"
  },
  {
    "address": "71 bis Bd Voltaire",
    "area": "west",
    "entrance fee": "5 Euros",
    "id": "22",
    "name": "Saint-Ambroise",
    "phone": "143555618",
    "postcode": "75011",
    "pricerange": "moderate",
    "type": "architecture"
  },
  {
    "address": "91 Bd du Montparnasse",
    "area": "west",
    "entrance fee": "5 Euros",
    "id": "53",
    "name": "Église Notre-Dame des Champs",
    "phone": "140641964",
    "postcode": "75006",
    "pricerange": "moderate",
    "type": "architecture"
  },
  {
    "address": "1 Bd Poissonnière",
    "area": "centre",
    "entrance fee": "?",
    "id": "75",
    "name": "Le Grand Rex",
    "phone": "145089389",
    "postcode": "75002",
    "pricerange": "?",
    "type": "cinema"
  },
  {
    "address": "7 Pl. Saint-Michel",
    "area": "south",
    "entrance fee": "?",
    "id": "21",
    "name": "Espace Saint-Michel",
    "phone": "144072049",
    "postcode": "75005",
    "pricerange": "?",
    "type": "cinema"
  },
  {
    "address": "25 Bd de Belleville",
    "area": "east",
    "entrance fee": "?",
    "id": "68",
    "name": "Neoness salle de sport Paris Belleville-Ménilmontant",
    "phone": "188610735",
    "postcode": "75011",
    "pricerange": "?",
    "type": "multiple sports"
  },
  {
    "address": "252 Rue du Faubourg Saint-Honoré",
    "area": "centre",
    "entrance fee": "?",
    "id": "72",
    "name": "Salle Pleyel",
    "phone": "186476843",
    "postcode": "75008",
    "pricerange": "?",
    "type": "concerthall"
  }
]