[
    {
        "address": "3 Rue Parrot",
        "area": "east",
        "internet": "yes",
        "parking": "no",
        "id": "0",
        "name": "Mercure Paris Gare de Lyon Opera Bastille",
        "phone": "143434152",
        "postcode": "75012",
        "pricerange": "moderate",
        "stars": "4",
        "takesbookings": "yes",
        "type": "hotel"
    },
    {
        "address": "2 Rue Duperré",
        "area": "north",
        "internet": "yes",
        "parking": "yes",
        "id": "1",
        "name": "Villa Royale",
        "phone": "155317878",
        "postcode": "75009",
        "pricerange": "moderate",
        "stars": "4",
        "takesbookings": "yes",
        "type": "hotel"
    },
    {
        "address": "112 Bd de Sébastopol",
        "area": "centre",
        "internet": "yes",
        "parking": "yes",
        "id": "2",
        "name": "Marais Grands Boulevards Hotel",
        "phone": "142787533",
        "postcode": "75003",
        "pricerange": "cheap",
        "stars": "4",
        "takesbookings": "yes",
        "type": "hotel"
    },
    {
        "address": "209 Rue de Charenton",
        "area": "east",
        "internet": "yes",
        "parking": "yes",
        "id": "3",
        "name": "Hotel Le 209 Paris Bercy",
        "phone": "143408030",
        "postcode": "75012",
        "pricerange": "cheap",
        "stars": "4",
        "takesbookings": "yes",
        "type": "hotel"
    },
    {
        "address": "12 Rue Geoffroy-Marie",
        "area": "north",
        "internet": "no",
        "parking": "no",
        "id": "4",
        "name": "Hotel Geoffroy Maria Opera",
        "phone": "987322805",
        "postcode": "75009",
        "pricerange": "moderate",
        "stars": "3",
        "takesbookings": "yes",
        "type": "hotel"
    },
    {
        "address": "4 Rue d'Amsterdam",
        "area": "north",
        "internet": "yes",
        "parking": "yes",
        "id": "5",
        "name": "Le Grand Hotel de Normandie",
        "phone": "148787670",
        "postcode": "75009",
        "pricerange": "moderate",
        "stars": "4",
        "takesbookings": "yes",
        "type": "hotel"
    },
    {
        "address": "32 Av. de la Prte de Montmartre",
        "area": "north",
        "internet": "yes",
        "parking": "yes",
        "id": "6",
        "name": "The Originals Boutique, Hotel Maison Montmartre, Paris",
        "phone": "183755151",
        "postcode": "75018",
        "pricerange": "moderate",
        "stars": "4",
        "takesbookings": "yes",
        "type": "hotel"
    },
    {
        "address": "13 Rue Houdon",
        "area": "north",
        "internet": "yes",
        "parking": "yes",
        "id": "7",
        "name": "Luxelthe",
        "phone": "146069527",
        "postcode": "75018",
        "pricerange": "moderate",
        "stars": "2",
        "takesbookings": "yes",
        "type": "guesthouse"
    },
    {
        "address": "33 Av. du Dr Arnold Netter",
        "area": "east",
        "internet": "yes",
        "parking": "yes",
        "id": "8",
        "name": "Best Western Allegro Nation",
        "phone": "140049090",
        "postcode": "75012",
        "pricerange": "cheap",
        "stars": "4",
        "takesbookings": "yes",
        "type": "hotel"
    },
    {
        "address": "6 Rue Buffault",
        "area": "north",
        "internet": "yes",
        "parking": "no",
        "id": "9",
        "name": "Hotel Eugene en Ville",
        "phone": "140220434",
        "postcode": "75009",
        "pricerange": "moderate",
        "stars": "4",
        "takesbookings": "yes",
        "type": "hotel"
    },
    {
        "address": "8 Rue d'Odessa",
        "area": "south",
        "internet": "yes",
        "parking": "yes",
        "id": "10",
        "name": "aylesbray lodge guest house",
        "phone": "143206122",
        "postcode": "75014",
        "pricerange": "moderate",
        "stars": "4",
        "takesbookings": "yes",
        "type": "hotel"
    },
    {
        "address": "160 Rue du Château",
        "area": "south",
        "internet": "yes",
        "parking": "yes",
        "id": "11",
        "name": "ibis Paris Maine Montparnasse 14ème",
        "phone": "143220009",
        "postcode": "75014",
        "pricerange": "moderate",
        "stars": "3",
        "takesbookings": "yes",
        "type": "hotel"
    },
    {
        "address": "85 Rue de Bercy",
        "area": "east",
        "internet": "yes",
        "parking": "yes",
        "id": "12",
        "name": "Novotel Paris Centre Bercy",
        "phone": "143423000",
        "postcode": "75012",
        "pricerange": "moderate",
        "stars": "4",
        "takesbookings": "yes",
        "type": "hotel"
    },
    {
        "address": "3 Rue d'Alsace",
        "area": "north",
        "internet": "yes",
        "parking": "yes",
        "id": "13",
        "name": "Hôtel De Lorraine",
        "phone": "140358180",
        "postcode": "75010",
        "pricerange": "cheap",
        "stars": "0",
        "takesbookings": "yes",
        "type": "hotel"
    },
    {
        "address": "13 Rue de la Lune",
        "area": "centre",
        "internet": "yes",
        "parking": "no",
        "id": "14",
        "name": "Hotel d'Orleans Paris Gare de l'Est",
        "phone": "142363828",
        "postcode": "75002",
        "pricerange": "moderate",
        "stars": "0",
        "takesbookings": "yes",
        "type": "guesthouse"
    },
    {
        "address": "57-63 Av. Jean Jaurès",
        "area": "centre",
        "internet": "yes",
        "parking": "yes",
        "id": "15",
        "name": "Ibis Budget Paris La Villette",
        "phone": "892680891",
        "postcode": "75019",
        "pricerange": "cheap",
        "stars": "0",
        "takesbookings": "yes",
        "type": "hotel"
    },
    {
        "address": "42 rue de Citeaux 164 Rue Du Faubourg Saint Antoine",
        "area": "east",
        "internet": "yes",
        "parking": "yes",
        "id": "16",
        "name": "Hipotel Paris Bastille Saint Antoine",
        "phone": "143722801",
        "postcode": "75012",
        "pricerange": "expensive",
        "stars": "2",
        "takesbookings": "yes",
        "type": "guesthouse"
    },
    {
        "address": "23 Rue Vignon",
        "area": "west",
        "internet": "yes",
        "parking": "yes",
        "id": "17",
        "name": "Hotel Le Vignon",
        "phone": "147429300",
        "postcode": "75008",
        "pricerange": "cheap",
        "stars": "4",
        "takesbookings": "yes",
        "type": "hotel"
    },
    {
        "address": "9 Rue Daunou",
        "area": "centre",
        "internet": "yes",
        "parking": "yes",
        "id": "18",
        "name": "Rayz Vendome",
        "phone": "140284532",
        "postcode": "75002",
        "pricerange": "expensive",
        "stars": "3",
        "takesbookings": "yes",
        "type": "guesthouse"
    },
    {
        "address": "147 Rue Marcadet",
        "area": "north",
        "internet": "yes",
        "parking": "yes",
        "id": "19",
        "name": "Hotel Apolonia Paris Montmartre, Sure Hotel collection by BW",
        "phone": "142541400",
        "postcode": "75018",
        "pricerange": "moderate",
        "stars": "3",
        "takesbookings": "yes",
        "type": "hotel"
    },
    {
        "address": "3 Rue Verniquet",
        "area": "west",
        "internet": "yes",
        "parking": "yes",
        "id": "20",
        "name": "Neuville Arc de Triomphe Hotel",
        "phone": "143802630",
        "postcode": "75017",
        "pricerange": "moderate",
        "stars": "3",
        "takesbookings": "yes",
        "type": "hotel"
    },
    {
        "address": "24 Rue d'Amsterdam",
        "area": "north",
        "internet": "yes",
        "parking": "yes",
        "id": "21",
        "name": "Hotel Phileas Lazare & Spa",
        "phone": "142853636",
        "postcode": "75009",
        "pricerange": "moderate",
        "stars": "4",
        "takesbookings": "yes",
        "type": "hotel"
    },
    {
        "address": "12 rue Marbeuf",
        "area": "west",
        "internet": "yes",
        "parking": "yes",
        "id": "22",
        "name": "Vestay George V",
        "phone": "142893441",
        "postcode": "75008",
        "pricerange": "expensive",
        "stars": "4",
        "takesbookings": "yes",
        "type": "guesthouse"
    },
    {
        "address": "12 Rue de Maubeuge",
        "area": "north",
        "internet": "yes",
        "parking": "yes",
        "id": "23",
        "name": "Hotel Beige",
        "phone": "145269771",
        "postcode": "75009",
        "pricerange": "moderate",
        "stars": "4",
        "takesbookings": "yes",
        "type": "hotel"
    },
    {
        "address": "64 Rue Crozatier",
        "area": "east",
        "internet": "yes",
        "parking": "yes",
        "id": "24",
        "name": "Mercure Paris Bastille Saint Antoine",
        "phone": "143442250",
        "postcode": "75012",
        "pricerange": "cheap",
        "stars": "4",
        "takesbookings": "yes",
        "type": "hotel"
    },
    {
        "address": "15 Rue de Nancy",
        "area": "north",
        "internet": "yes",
        "parking": "yes",
        "id": "25",
        "name": "Secret de Paris - Hotel & Spa",
        "phone": "153163333",
        "postcode": "75010",
        "pricerange": "moderate",
        "stars": "4",
        "takesbookings": "yes",
        "type": "hotel"
    },
    {
        "address": "7-9 Rue Pajol",
        "area": "north",
        "internet": "yes",
        "parking": "yes",
        "id": "26",
        "name": "Hipotel Paris Gare du Nord Merryl",
        "phone": "146077665",
        "postcode": "75018",
        "pricerange": "moderate",
        "stars": "2",
        "takesbookings": "yes",
        "type": "guesthouse"
    },
    {
        "address": "33 Rue Raymond Losserand",
        "area": "south",
        "internet": "yes",
        "parking": "yes",
        "id": "27",
        "name": "Best Western Bretagne Montparnasse",
        "phone": "145385259",
        "postcode": "75014",
        "pricerange": "cheap",
        "stars": "4",
        "takesbookings": "yes",
        "type": "hotel"
    },
    {
        "address": "26 Rue Raffet",
        "area": "west",
        "internet": "yes",
        "parking": "yes",
        "id": "28",
        "name": "Villa du Square",
        "phone": "676938316",
        "postcode": "75016",
        "pricerange": "cheap",
        "stars": "4",
        "takesbookings": "yes",
        "type": "guesthouse"
    },
    {
        "address": "4 Passage Olivier de Serres",
        "area": "south",
        "internet": "yes",
        "parking": "yes",
        "id": "29",
        "name": "Le Clos de l'Olivier",
        "phone": "695858974",
        "postcode": "75015",
        "pricerange": "expensive",
        "stars": "3",
        "takesbookings": "yes",
        "type": "guesthouse"
    },
    {
        "address": "108 Rue Réaumur",
        "area": "centre",
        "internet": "yes",
        "parking": "yes",
        "id": "30",
        "name": "Tinah Paris",
        "phone": "602559111",
        "postcode": "75002",
        "pricerange": "expensive",
        "stars": "4",
        "takesbookings": "yes",
        "type": "guesthouse"
    },
    {
        "address": "2 Rue Hector Malot",
        "area": "east",
        "internet": "yes",
        "parking": "yes",
        "id": "31",
        "name": "Novotel Paris Gare de Lyon",
        "phone": "144676000",
        "postcode": "75012",
        "pricerange": "moderate",
        "stars": "4",
        "takesbookings": "yes",
        "type": "hotel"
    },
    {
        "address": "51 Rue Letort",
        "area": "north",
        "internet": "yes",
        "parking": "yes",
        "id": "32",
        "name": "Hotel Le 18 Paris",
        "phone": "142572000",
        "postcode": "75018",
        "pricerange": "cheap",
        "stars": "4",
        "takesbookings": "yes",
        "type": "hotel"
    }
]
