[
  {
    "name": "Heng Yuan",
    "food": "asian oriental",
    "address": "110 Rue de Charenton",
    "id": 0,
    "postcode": "75012",
    "phone": "143144609",
    "area": "centre",
    "pricerange": "cheap",
    "type": "restaurant"
  },
  {
    "name": "Parfums d'Asie",
    "food": "asian oriental",
    "address": "4 Rue de Budapest",
    "id": 1,
    "postcode": "75009",
    "phone": "144630830",
    "area": "centre",
    "pricerange": "cheap",
    "type": "restaurant"
  },
  {
    "name": "Restaurant China",
    "food": "chinese",
    "address": "70 Rue de la Verrerie",
    "id": 2,
    "postcode": "75004",
    "phone": "142717882",
    "area": "centre",
    "pricerange": "cheap",
    "type": "restaurant"
  },
  {
    "name": "Le Petit Hong Kong",
    "food": "chinese",
    "address": "1 Rue Hautefeuille",
    "id": 3,
    "postcode": "75006",
    "phone": "142495438",
    "area": "centre",
    "pricerange": "cheap",
    "type": "restaurant"
  },
  {
    "name": "Chez Shen",
    "food": "chinese",
    "address": "39 Rue au Maire",
    "id": 4,
    "postcode": "75003",
    "phone": "148878807",
    "area": "centre",
    "pricerange": "cheap",
    "type": "restaurant"
  },
  {
    "name": "Old Kashmir",
    "food": "indian",
    "address": "13 Rue Grégoire de Tours",
    "id": 5,
    "postcode": "75006",
    "phone": "143290100",
    "area": "centre",
    "pricerange": "cheap",
    "type": "restaurant"
  },
  {
    "name": "Singh",
    "food": "indian",
    "address": "40 Rue Mouffetard",
    "id": 6,
    "postcode": "75005",
    "phone": "781551893",
    "area": "centre",
    "pricerange": "cheap",
    "type": "restaurant"
  },
  {
    "name": "New Dehli Indien",
    "food": "indian",
    "address": "4 Pass. Brady",
    "id": 7,
    "postcode": "75010",
    "phone": "142083320",
    "area": "centre",
    "pricerange": "cheap",
    "type": "restaurant"
  },
  {
    "name": "Don Giovanni",
    "food": "italian",
    "address": "19 Rue François Miron",
    "id": 8,
    "postcode": "75004",
    "phone": "148870102",
    "area": "centre",
    "pricerange": "cheap",
    "type": "restaurant"
  },
  {
    "name": "Il Gigolo",
    "food": "italian",
    "address": "11 Rue de la Huchette",
    "id": 9,
    "postcode": "75005",
    "phone": "143290569",
    "area": "centre",
    "pricerange": "cheap",
    "type": "restaurant"
  },
  {
    "name": "L'isolotto",
    "food": "italian",
    "address": "25 Rue Saint-André des Arts",
    "id": 10,
    "postcode": "75006",
    "phone": "143291018",
    "area": "centre",
    "pricerange": "cheap",
    "type": "restaurant"
  },
  {
    "name": "Filakia, Petit Café d'Athènes",
    "food": "mediterranean",
    "address": "9 Rue Mandar",
    "id": 11,
    "postcode": "75002",
    "phone": "142214288",
    "area": "centre",
    "pricerange": "cheap",
    "type": "restaurant"
  },
  {
    "name": "Comptoir Moderne",
    "food": "modern european",
    "address": "26 Rue de la Croix Nivert",
    "id": 12,
    "postcode": "75015",
    "phone": "147341494",
    "area": "centre",
    "pricerange": "cheap",
    "type": "restaurant"
  },
  {
    "name": "Nossa Churrasqueira Paris 5",
    "food": "portuguese",
    "address": "1 Rue de l'École Polytechnique",
    "id": 13,
    "postcode": "75005",
    "phone": "953679386",
    "area": "centre",
    "pricerange": "cheap",
    "type": "restaurant"
  },
  {
    "name": "Les Piétons resto bar tapas Paris 4",
    "food": "spanish",
    "address": "8 Rue des Lombards",
    "id": 14,
    "postcode": "75004",
    "phone": "140294913",
    "area": "centre",
    "pricerange": "cheap",
    "type": "restaurant"
  },
  {
    "name": "Le Baïli",
    "food": "international",
    "address": "29 Rue Saint-Blaise",
    "id": 15,
    "postcode": "75020",
    "phone": "950691707",
    "area": "east",
    "pricerange": "cheap",
    "type": "restaurant"
  },
  {
    "name": "Le Maharaja 2001",
    "food": "indian",
    "address": "48 Rue la Condamine",
    "id": 16,
    "postcode": "75017",
    "phone": "142949672",
    "area": "north",
    "pricerange": "cheap",
    "type": "restaurant"
  },
  {
    "name": "Il Grano",
    "food": "italian",
    "address": "212 Bis Bd Pereire",
    "id": 17,
    "postcode": "75017",
    "phone": "158579946",
    "area": "north",
    "pricerange": "cheap",
    "type": "restaurant"
  },
  {
    "name": "Raviolis Chinois",
    "food": "chinese",
    "address": "33 Rue Caillaux",
    "id": 18,
    "postcode": "75013",
    "phone": "983855213",
    "area": "south",
    "pricerange": "cheap",
    "type": "restaurant"
  },
  {
    "name": "Luis I",
    "food": "portuguese",
    "address": "59 Av. Larroumes",
    "id": 19,
    "postcode": "94240",
    "phone": "145475013",
    "area": "south",
    "pricerange": "cheap",
    "type": "restaurant"
  },
  {
    "name": "Gusto Italia 218",
    "food": "italian",
    "address": "218 Rue de Grenelle",
    "id": 20,
    "postcode": "75007",
    "phone": "147530185",
    "area": "west",
    "pricerange": "cheap",
    "type": "restaurant"
  },
  {
    "name": "Đông Phat",
    "food": "vietnamese",
    "address": "10 Rue Malar",
    "id": 21,
    "postcode": "75007",
    "phone": "145561649",
    "area": "west",
    "pricerange": "cheap",
    "type": "restaurant"
  },
  {
    "name": "Moussa L'Africain",
    "food": "african",
    "address": "21 Rue Pierre Lescot",
    "id": 22,
    "postcode": "75001",
    "phone": "140262626",
    "area": "centre",
    "pricerange": "expensive",
    "type": "restaurant"
  },
  {
    "name": "ASIA KITCHEN",
    "food": "asian oriental",
    "address": "49 Quai d'Orsay",
    "id": 23,
    "postcode": "75007",
    "phone": "140629650",
    "area": "centre",
    "pricerange": "expensive",
    "type": "restaurant"
  },
  {
    "name": "The Bombardier",
    "food": "british",
    "address": "2 Pl. du Panthéon Place du",
    "id": 24,
    "postcode": "75005",
    "phone": "143547922",
    "area": "centre",
    "pricerange": "expensive",
    "type": "restaurant"
  },
  {
    "name": "Le Duke's Bar",
    "food": "british",
    "address": "13 Rue de la Paix",
    "id": 25,
    "postcode": "75002",
    "phone": "142615511",
    "area": "centre",
    "pricerange": "expensive",
    "type": "restaurant"
  },
  {
    "name": "Sir Winston",
    "food": "british",
    "address": "5 Rue de Presbourg",
    "id": 26,
    "postcode": "75116",
    "phone": "140671737",
    "area": "centre",
    "pricerange": "expensive",
    "type": "restaurant"
  },
  {
    "name": "Mirama",
    "food": "chinese",
    "address": "17 Rue Saint-Jacques",
    "id": 27,
    "postcode": "75005",
    "phone": "143547177",
    "area": "centre",
    "pricerange": "expensive",
    "type": "restaurant"
  },
  {
    "name": "Chez Mamie",
    "food": "chinese",
    "address": "18 Rue du Grenier-Saint-Lazare",
    "id": 28,
    "postcode": "75003",
    "phone": "954520299",
    "area": "centre",
    "pricerange": "expensive",
    "type": "restaurant"
  },
  {
    "name": "Le Royal China",
    "food": "chinese",
    "address": "85 Rue Beaubourg",
    "id": 29,
    "postcode": "75003",
    "phone": "954546999",
    "area": "centre",
    "pricerange": "expensive",
    "type": "restaurant"
  },
  {
    "name": "Le Mandarin",
    "food": "chinese",
    "address": "5 Rue de Montfaucon",
    "id": 30,
    "postcode": "75006",
    "phone": "143290714",
    "area": "centre",
    "pricerange": "expensive",
    "type": "restaurant"
  },
  {
    "name": "Le Hangar",
    "food": "european",
    "address": "12 Imp. Berthaud",
    "id": 31,
    "postcode": "75003",
    "phone": "142745544",
    "area": "centre",
    "pricerange": "expensive",
    "type": "restaurant"
  },
  {
    "name": "Ze Kitchen Galerie",
    "food": "european",
    "address": "4 Rue des Grands Augustins",
    "id": 32,
    "postcode": "75006",
    "phone": "144320032",
    "area": "centre",
    "pricerange": "expensive",
    "type": "restaurant"
  },
  {
    "name": "Benoit Paris",
    "food": "french",
    "address": "20 Rue Saint-Martin",
    "id": 33,
    "postcode": "75004",
    "phone": "142722576",
    "area": "centre",
    "pricerange": "expensive",
    "type": "restaurant"
  },
  {
    "name": "Le Mond",
    "food": "gastropub",
    "address": "1 Square des Corolles",
    "id": 34,
    "postcode": "92400",
    "phone": "147759711",
    "area": "centre",
    "pricerange": "expensive",
    "type": "restaurant"
  },
  {
    "name": "Le Black Dog",
    "food": "gastropub",
    "address": "26 Rue des Lombards",
    "id": 35,
    "postcode": "75004",
    "phone": "142712227",
    "area": "centre",
    "pricerange": "expensive",
    "type": "restaurant"
  },
  {
    "name": "Le Maharajah",
    "food": "indian",
    "address": "72 Bd Saint-Germain",
    "id": 36,
    "postcode": "75005",
    "phone": "143542607",
    "area": "centre",
    "pricerange": "expensive",
    "type": "restaurant"
  },
  {
    "name": "Bollynan Montorgueil",
    "food": "indian",
    "address": "12 Rue des Petits Carreaux",
    "id": 37,
    "postcode": "75002",
    "phone": "145084051",
    "area": "centre",
    "pricerange": "expensive",
    "type": "restaurant"
  },
  {
    "name": "Yasmin",
    "food": "indian",
    "address": "73 Pass. Brady",
    "id": 38,
    "postcode": "75010",
    "phone": "145231379",
    "area": "centre",
    "pricerange": "expensive",
    "type": "restaurant"
  },
  {
    "name": "Indien 6",
    "food": "indian",
    "address": "76 Bd Saint-Michel",
    "id": 39,
    "postcode": "75006",
    "phone": "142014318",
    "area": "centre",
    "pricerange": "expensive",
    "type": "restaurant"
  },
  {
    "name": "New Jhelum",
    "food": "indian",
    "address": "95 Rue de Richelieu",
    "id": 40,
    "postcode": "75002",
    "phone": "145084460",
    "area": "centre",
    "pricerange": "expensive",
    "type": "restaurant"
  },
  {
    "name": "Jaipur Café",
    "food": "indian",
    "address": "15-17 Rue des Messageries",
    "id": 41,
    "postcode": "75010",
    "phone": "148010600",
    "area": "centre",
    "pricerange": "expensive",
    "type": "restaurant"
  },
  {
    "name": "La Perla",
    "food": "italian",
    "address": "5 Rue Montorgueil",
    "id": 42,
    "postcode": "75001",
    "phone": "140419453",
    "area": "centre",
    "pricerange": "expensive",
    "type": "restaurant"
  },
  {
    "name": "Ristorante Fellini",
    "food": "italian",
    "address": "47 Rue de l'Arbre Sec",
    "id": 43,
    "postcode": "75001",
    "phone": "142609066",
    "area": "centre",
    "pricerange": "expensive",
    "type": "restaurant"
  },
  {
    "name": "Little Italy Caffé",
    "food": "italian",
    "address": "92 Rue Montorgueil",
    "id": 44,
    "postcode": "75002",
    "phone": "142363625",
    "area": "centre",
    "pricerange": "expensive",
    "type": "restaurant"
  },
  {
    "name": "La Capannina",
    "food": "italian",
    "address": "64 Rue de la Montagne Ste Geneviève",
    "id": 45,
    "postcode": "75005",
    "phone": "143260742",
    "area": "centre",
    "pricerange": "expensive",
    "type": "restaurant"
  },
  {
    "name": "Shu",
    "food": "japanese",
    "address": "8 Rue Suger",
    "id": 46,
    "postcode": "75006",
    "phone": "146342588",
    "area": "centre",
    "pricerange": "expensive",
    "type": "restaurant"
  },
  {
    "name": "SOON GRILL Marais",
    "food": "korean",
    "address": "78 Rue des Tournelles",
    "id": 47,
    "postcode": "75003",
    "phone": "142771356",
    "area": "centre",
    "pricerange": "expensive",
    "type": "restaurant"
  },
  {
    "name": "La Méditerranée",
    "food": "mediterranean",
    "address": "2 Pl. de l'Odéon",
    "id": 48,
    "postcode": "75006",
    "phone": "143260230",
    "area": "centre",
    "pricerange": "expensive",
    "type": "restaurant"
  },
  {
    "name": "Mavrommatis Le Restaurant",
    "food": "mediterranean",
    "address": "42 Rue Daubenton",
    "id": 49,
    "postcode": "75005",
    "phone": "143311717",
    "area": "centre",
    "pricerange": "expensive",
    "type": "restaurant"
  },
  {
    "name": "Georges",
    "food": "modern european",
    "address": "6e étage du Centre Georges Pompidou Place Georges Pompidou",
    "id": 50,
    "postcode": "75004",
    "phone": "144784799",
    "area": "centre",
    "pricerange": "expensive",
    "type": "restaurant"
  },
  {
    "name": "Joe Allen",
    "food": "north american",
    "address": "30 Rue Pierre Lescot",
    "id": 51,
    "postcode": "75001",
    "phone": "142367013",
    "area": "centre",
    "pricerange": "expensive",
    "type": "restaurant"
  },
  {
    "name": "Comptoir des Mers",
    "food": "seafood",
    "address": "1 Rue de Turenne",
    "id": 52,
    "postcode": "75004",
    "phone": "142726651",
    "area": "centre",
    "pricerange": "expensive",
    "type": "restaurant"
  },
  {
    "name": "Thiou",
    "food": "thai",
    "address": "94 Bd de la Tour-Maubourg",
    "id": 53,
    "postcode": "75007",
    "phone": "176217884",
    "area": "centre",
    "pricerange": "expensive",
    "type": "restaurant"
  },
  {
    "name": "Restaurant Ella",
    "food": "turkish",
    "address": "14 Rue du Faubourg Saint-Denis",
    "id": 54,
    "postcode": "75010",
    "phone": "147702095",
    "area": "centre",
    "pricerange": "expensive",
    "type": "restaurant"
  },
  {
    "name": "T'Cup",
    "food": "british",
    "address": "16 R. des Minimes",
    "id": 55,
    "postcode": "75003",
    "phone": "142720098",
    "area": "east",
    "pricerange": "expensive",
    "type": "restaurant"
  },
  {
    "name": "Chez Wang",
    "food": "chinese",
    "address": "15 Rue Léon Frot",
    "id": 56,
    "postcode": "75011",
    "phone": "143310190",
    "area": "east",
    "pricerange": "expensive",
    "type": "restaurant"
  },
  {
    "name": "Le Julia",
    "food": "gastropub",
    "address": "62 Rue Sedaine",
    "id": 57,
    "postcode": "75011",
    "phone": "618426631",
    "area": "east",
    "pricerange": "expensive",
    "type": "restaurant"
  },
  {
    "name": "Jodhpur Palace",
    "food": "indian",
    "address": "42 All. Vivaldi",
    "id": 58,
    "postcode": "75012",
    "phone": "143407246",
    "area": "east",
    "pricerange": "expensive",
    "type": "restaurant"
  },
  {
    "name": "Rajasthan",
    "food": "indian",
    "address": "15 Rue Henri Desgrange",
    "id": 59,
    "postcode": "75012",
    "phone": "144734076",
    "area": "east",
    "pricerange": "expensive",
    "type": "restaurant"
  },
  {
    "name": "LiLi",
    "food": "asian oriental",
    "address": "19 Av. Kléber",
    "id": 60,
    "postcode": "75116",
    "phone": "158126750",
    "area": "north",
    "pricerange": "expensive",
    "type": "restaurant"
  },
  {
    "name": "Imperial Treasure Fine Chinese Cuisine",
    "food": "chinese",
    "address": "44 Rue de Bassano",
    "id": 61,
    "postcode": "75008",
    "phone": "158562913",
    "area": "north",
    "pricerange": "expensive",
    "type": "restaurant"
  },
  {
    "name": "Restaurant DIEP",
    "food": "chinese",
    "address": "55 Rue Pierre Charron",
    "id": 62,
    "postcode": "75008",
    "phone": "145635276",
    "area": "north",
    "pricerange": "expensive",
    "type": "restaurant"
  },
  {
    "name": "Brasserie La Lorraine",
    "food": "european",
    "address": "2 Pl. des Ternes",
    "id": 63,
    "postcode": "75008",
    "phone": "156212200",
    "area": "north",
    "pricerange": "expensive",
    "type": "restaurant"
  },
  {
    "name": "Bustronome",
    "food": "french",
    "address": "2 Av. Kléber",
    "id": 64,
    "postcode": "75016",
    "phone": "954444555",
    "area": "north",
    "pricerange": "expensive",
    "type": "restaurant"
  },
  {
    "name": "Frères Zhou",
    "food": "chinese",
    "address": "26 Av. Edouard Vaillant",
    "id": 65,
    "postcode": "92100",
    "phone": "146052561",
    "area": "south",
    "pricerange": "expensive",
    "type": "restaurant"
  },
  {
    "name": "Impérial Choisy",
    "food": "chinese",
    "address": "32 Av. de Choisy",
    "id": 66,
    "postcode": "75013",
    "phone": "145864240",
    "area": "south",
    "pricerange": "expensive",
    "type": "restaurant"
  },
  {
    "name": "Le Royal Tandoori indien",
    "food": "indian",
    "address": "99 Rue Thiers",
    "id": 67,
    "postcode": "92100",
    "phone": "146085361",
    "area": "south",
    "pricerange": "expensive",
    "type": "restaurant"
  },
  {
    "name": "Croccante",
    "food": "italian",
    "address": "138 Rue de Vaugirard",
    "id": 68,
    "postcode": "75015",
    "phone": "147833728",
    "area": "south",
    "pricerange": "expensive",
    "type": "restaurant"
  },
  {
    "name": "O'Mexico",
    "food": "mexican",
    "address": "20 Rue du Père Guérin",
    "id": 69,
    "postcode": "75013",
    "phone": "145885641",
    "area": "south",
    "pricerange": "expensive",
    "type": "restaurant"
  },
  {
    "name": "L'Ogre",
    "food": "british",
    "address": "1 Av. de Versailles",
    "id": 70,
    "postcode": "75016",
    "phone": "145279340",
    "area": "west",
    "pricerange": "expensive",
    "type": "restaurant"
  },
  {
    "name": "Frog XVI",
    "food": "british",
    "address": "110 bis Av. Kléber",
    "id": 71,
    "postcode": "75016",
    "phone": "147278888",
    "area": "west",
    "pricerange": "expensive",
    "type": "restaurant"
  },
  {
    "name": "Le Coq",
    "food": "european",
    "address": "2 Pl. du Trocadéro et du 11 Novembre",
    "id": 72,
    "postcode": "75116",
    "phone": "147278952",
    "area": "west",
    "pricerange": "expensive",
    "type": "restaurant"
  },
  {
    "name": "Le palais de shah jahan Depuis 1987",
    "food": "indian",
    "address": "16 Rue des 4 Frères Peignot",
    "id": 73,
    "postcode": "75015",
    "phone": "145782107",
    "area": "west",
    "pricerange": "expensive",
    "type": "restaurant"
  },
  {
    "name": "Mayfair Garden",
    "food": "indian",
    "address": "33 Rue de Longchamp",
    "id": 74,
    "postcode": "75116",
    "phone": "142569192",
    "area": "west",
    "pricerange": "expensive",
    "type": "restaurant"
  },
  {
    "name": "New Jawad Longchamp",
    "food": "indian",
    "address": "30 Rue de Longchamp",
    "id": 75,
    "postcode": "75116",
    "phone": "147272414",
    "area": "west",
    "pricerange": "expensive",
    "type": "restaurant"
  },
  {
    "name": "Le Palais de Raja Maharaja",
    "food": "indian",
    "address": "21 Rue d'Ouessant",
    "id": 76,
    "postcode": "75015",
    "phone": "143065039",
    "area": "west",
    "pricerange": "expensive",
    "type": "restaurant"
  },
  {
    "name": "New Jawad",
    "food": "indian",
    "address": "12 Av. Rapp",
    "id": 77,
    "postcode": "75007",
    "phone": "147059137",
    "area": "west",
    "pricerange": "expensive",
    "type": "restaurant"
  },
  {
    "name": "Thaï Siam",
    "food": "thai",
    "address": "25 Av. de Wagram",
    "id": 78,
    "postcode": "75017",
    "phone": "142676469",
    "area": "west",
    "pricerange": "expensive",
    "type": "restaurant"
  },
  {
    "name": "Asia Line",
    "food": "asian oriental",
    "address": "9 Rue Danton",
    "id": 79,
    "postcode": "75006",
    "phone": "146330691",
    "area": "centre",
    "pricerange": "moderate",
    "type": "restaurant"
  },
  {
    "name": "McBrides Irish Pub",
    "food": "british",
    "address": "54 Rue Saint-Denis",
    "id": 80,
    "postcode": "75001",
    "phone": "140264670",
    "area": "centre",
    "pricerange": "moderate",
    "type": "restaurant"
  },
  {
    "name": "Le Loir dans La Théière",
    "food": "british",
    "address": "3 Rue des Rosiers",
    "id": 81,
    "postcode": "75004",
    "phone": "142729061",
    "area": "centre",
    "pricerange": "moderate",
    "type": "restaurant"
  },
  {
    "name": "The Frog & Rosbif",
    "food": "british",
    "address": "116 Rue Saint-Denis",
    "id": 82,
    "postcode": "75002",
    "phone": "142363473",
    "area": "centre",
    "pricerange": "moderate",
    "type": "restaurant"
  },
  {
    "name": "Twinkie Breakfast & Lunch",
    "food": "british",
    "address": "167 Rue Saint-Denis",
    "id": 83,
    "postcode": "75002",
    "phone": "142369258",
    "area": "centre",
    "pricerange": "moderate",
    "type": "restaurant"
  },
  {
    "name": "Han Shi Fang",
    "food": "chinese",
    "address": "48 Rue René Boulanger",
    "id": 84,
    "postcode": "75010",
    "phone": "153729016",
    "area": "centre",
    "pricerange": "moderate",
    "type": "restaurant"
  },
  {
    "name": "Hao Long",
    "food": "chinese",
    "address": "36 Rue de Richelieu",
    "id": 85,
    "postcode": "75001",
    "phone": "140150185",
    "area": "centre",
    "pricerange": "moderate",
    "type": "restaurant"
  },
  {
    "name": "La Taverne de ZHAO_Canal Saint Martin",
    "food": "chinese",
    "address": "49 Rue des Vinaigriers",
    "id": 86,
    "postcode": "75010",
    "phone": "140371621",
    "area": "centre",
    "pricerange": "moderate",
    "type": "restaurant"
  },
  {
    "name": "Restaurant MUMI",
    "food": "european",
    "address": "14 Rue Sauval",
    "id": 87,
    "postcode": "75001",
    "phone": "140262754",
    "area": "centre",
    "pricerange": "moderate",
    "type": "restaurant"
  },
  {
    "name": "Restaurant L'Ange 20",
    "food": "european",
    "address": "44 Rue des Tournelles",
    "id": 88,
    "postcode": "75004",
    "phone": "149965839",
    "area": "centre",
    "pricerange": "moderate",
    "type": "restaurant"
  },
  {
    "name": "Publisher",
    "food": "gastropub",
    "address": "33 Rue de Constantinople",
    "id": 89,
    "postcode": "75008",
    "phone": "984017447",
    "area": "centre",
    "pricerange": "moderate",
    "type": "restaurant"
  },
  {
    "name": "The Great Canadian Pub",
    "food": "international",
    "address": "25 Quai des Grands Augustins",
    "id": 90,
    "postcode": "75006",
    "phone": "146335420",
    "area": "centre",
    "pricerange": "moderate",
    "type": "restaurant"
  },
  {
    "name": "Au Pavillon Paris",
    "food": "international",
    "address": "65 Bd de Sébastopol",
    "id": 91,
    "postcode": "75001",
    "phone": "140159019",
    "area": "centre",
    "pricerange": "moderate",
    "type": "restaurant"
  },
  {
    "name": "Le Petit Italien",
    "food": "italian",
    "address": "5 Rue Saint-Gilles",
    "id": 92,
    "postcode": "75003",
    "phone": "142710580",
    "area": "centre",
    "pricerange": "moderate",
    "type": "restaurant"
  },
  {
    "name": "Luisa Maria",
    "food": "italian",
    "address": "12 Rue Monsieur le Prince",
    "id": 93,
    "postcode": "75006",
    "phone": "143296249",
    "area": "centre",
    "pricerange": "moderate",
    "type": "restaurant"
  },
  {
    "name": "Délices de Beyrouth",
    "food": "lebanese",
    "address": "151 Rue Saint-Martin",
    "id": 94,
    "postcode": "75003",
    "phone": "157406955",
    "area": "centre",
    "pricerange": "moderate",
    "type": "restaurant"
  },
  {
    "name": "Le Tir Bouchon Montorgueil",
    "food": "modern european",
    "address": "22 Rue Tiquetonne",
    "id": 95,
    "postcode": "75002",
    "phone": "142219551",
    "area": "centre",
    "pricerange": "moderate",
    "type": "restaurant"
  },
  {
    "name": "Les Enfants Rouges",
    "food": "modern european",
    "address": "9 Rue de Beauce",
    "id": 96,
    "postcode": "75003",
    "phone": "148878061",
    "area": "centre",
    "pricerange": "moderate",
    "type": "restaurant"
  },
  {
    "name": "La Bodega 64",
    "food": "spanish",
    "address": "64 Rue François Miron",
    "id": 97,
    "postcode": "75004",
    "phone": "148045911",
    "area": "centre",
    "pricerange": "moderate",
    "type": "restaurant"
  },
  {
    "name": "Derya",
    "food": "turkish",
    "address": "16 Rue du Faubourg Saint-Denis",
    "id": 98,
    "postcode": "75010",
    "phone": "147708784",
    "area": "centre",
    "pricerange": "moderate",
    "type": "restaurant"
  },
  {
    "name": "Sizin",
    "food": "turkish",
    "address": "47 Rue Saint-Georges",
    "id": 99,
    "postcode": "75009",
    "phone": "144630228",
    "area": "centre",
    "pricerange": "moderate",
    "type": "restaurant"
  },
  {
    "name": "Villa Darjeeling",
    "food": "indian",
    "address": "110 Boulevard de Charonne",
    "id": 100,
    "postcode": "75020",
    "phone": "144649992",
    "area": "east",
    "pricerange": "moderate",
    "type": "restaurant"
  },
  {
    "name": "Le Royal Tandoori Paris",
    "food": "indian",
    "address": "12 Rue du Dr Goujon",
    "id": 101,
    "postcode": "75012",
    "phone": "143420202",
    "area": "east",
    "pricerange": "moderate",
    "type": "restaurant"
  },
  {
    "name": "IL FARNIENTE",
    "food": "italian",
    "address": "250 Rue du Faubourg Saint-Antoine",
    "id": 102,
    "postcode": "75012",
    "phone": "143739928",
    "area": "east",
    "pricerange": "moderate",
    "type": "restaurant"
  },
  {
    "name": "le Bambou Royal",
    "food": "chinese",
    "address": "8 Rue Troyon",
    "id": 103,
    "postcode": "75017",
    "phone": "143808606",
    "area": "north",
    "pricerange": "moderate",
    "type": "restaurant"
  },
  {
    "name": "Kirane India",
    "food": "indian",
    "address": "20 Rue du Débarcadère",
    "id": 104,
    "postcode": "75017",
    "phone": "145742288",
    "area": "north",
    "pricerange": "moderate",
    "type": "restaurant"
  },
  {
    "name": "Via Del Gusto",
    "food": "italian",
    "address": "344 Rue de Vaugirard",
    "id": 105,
    "postcode": "75015",
    "phone": "148283936",
    "area": "south",
    "pricerange": "moderate",
    "type": "restaurant"
  },
  {
    "name": "L'Alchimiste",
    "food": "modern european",
    "address": "181 Rue de Charenton",
    "id": 106,
    "postcode": "75012",
    "phone": "143471038",
    "area": "south",
    "pricerange": "moderate",
    "type": "restaurant"
  },
  {
    "name": "L'Entente, Le British Brasserie",
    "food": "british",
    "address": "13 Rue Monsigny",
    "id": 107,
    "postcode": "75002",
    "phone": "147429235",
    "area": "west",
    "pricerange": "moderate",
    "type": "restaurant"
  },
  {
    "name": "Indien Goa",
    "food": "indian",
    "address": "19 Rue Augereau",
    "id": 108,
    "postcode": "75007",
    "phone": "145552620",
    "area": "west",
    "pricerange": "moderate",
    "type": "restaurant"
  },
  {
    "name": "SGABETTI",
    "food": "italian",
    "address": "15 Rue des Sablons",
    "id": 109,
    "postcode": "75016",
    "phone": "147040927",
    "area": "west",
    "pricerange": "moderate",
    "type": "restaurant"
  }
]