[
  {
    "address": "حديقة مشرف بالقرب من الخوانيج",
    "area": "east",
    "entrance fee": "?",
    "id": "1",
    "name": "مسبح حديقة مشرف",
    "phone": "585815938",
    "pricerange": "?",
    "type": "swimmingpool"
  },
  {
    "address": "عود ميثاء - دبي",
    "area": "north",
    "entrance fee": "?",
    "id": "35",
    "name": "مسبح النصر ليجرلاند",
    "phone": "43371234",
    "pricerange": "?",
    "type": "swimmingpool"
  },
  {
    "address": "برج ضمان - زعبيل - زعبيل 2",
    "area": "north",
    "entrance fee": "?",
    "id": "39",
    "name": "مسبح بناية برج ضمان",
    "phone": "525735978",
    "pricerange": "?",
    "type": "swimmingpool"
  },
  {
    "address": "برج خليفة - بوليفارد الشيخ محمد بن راشد",
    "area": "centre",
    "entrance fee": "?",
    "id": "49",
    "name": "مسبح نادي البرج",
    "phone": "48883900",
    "pricerange": "?",
    "type": "swimmingpool"
  },
  {
    "address": "بوليفارد الشيخ محمد بن راشد - وسط مدينة دبي",
    "area": "centre",
    "entrance fee": "?",
    "id": "2",
    "name": "دار دبي للأوبرا",
    "phone": "44408888",
    "pricerange": "?",
    "type": "theatre"
  },
  {
    "address": "زعبيل - زعبيل 1",
    "area": "centre",
    "entrance fee": "?",
    "id": "10",
    "name": "مسرح عود ميثاء",
    "phone": "43820000",
    "pricerange": "?",
    "type": "theatre"
  },
  {
    "address": "المركز التجاري - المركز التجاري الثانية‎",
    "area": "centre",
    "entrance fee": "?",
    "id": "44",
    "name": "قاعة الشيخ راشد",
    "phone": "43321000",
    "pricerange": "?",
    "type": "theatre"
  },
  {
    "address": "فندق فيرمونت دبي - المركز التجاري",
    "area": "centre",
    "entrance fee": "?",
    "id": "66",
    "name": "ذا ثياتر",
    "phone": "42222268",
    "pricerange": "?",
    "type": "theatre"
  },
  {
    "address": "الحبتور سيتي - شارع الشيخ زايد",
    "area": "south",
    "entrance fee": "?",
    "id": "71",
    "name": "اللؤلؤة سيرك",
    "phone": "44370001",
    "pricerange": "?",
    "type": "theatre"
  },
  {
    "address": "بناية 4 - شارع رأس الخور",
    "area": "centre",
    "entrance fee": "free",
    "id": "3",
    "name": "معهد دبي للتصميم والإبتكار",
    "phone": "45683911",
    "pricerange": "free",
    "type": "college"
  },
  {
    "address": "مدينة دبي الطبية - أم هرير 2",
    "area": "centre",
    "entrance fee": "free",
    "id": "32",
    "name": "محمد بن راشد للطب والعلوم الصحية",
    "phone": "8006278",
    "pricerange": "free",
    "type": "college"
  },
  {
    "address": "سيتي ووك - الوصل",
    "area": "centre",
    "entrance fee": "free",
    "id": "40",
    "name": "الجامعة الكندية دبي",
    "phone": "43219090",
    "pricerange": "free",
    "type": "college"
  },
  {
    "address": "شارع لطيفة بنت حمدان - القوز 4",
    "area": "centre",
    "entrance fee": "free",
    "id": "48",
    "name": "جامعة جميرا",
    "phone": "45154555",
    "pricerange": "free",
    "type": "college"
  },
  {
    "address": "بناية المنحنى - القوز",
    "area": "centre",
    "entrance fee": "50 AED",
    "id": "31",
    "name": "مركز الفنون المسرحية المتنوعة",
    "phone": "43307338",
    "pricerange": "cheap",
    "type": "college"
  },
  {
    "address": "دبي فيستيفال سيتي مول",
    "area": "centre",
    "entrance fee": "?",
    "id": "61",
    "name": "أمازون للسياحة",
    "phone": "43266651",
    "pricerange": "?",
    "type": "boat"
  },
  {
    "address": "الفهيدي - دبي",
    "area": "north",
    "entrance fee": "?",
    "id": "55",
    "name": "عبرة دبي",
    "phone": "8009090",
    "pricerange": "?",
    "type": "boat"
  },
  {
    "address": "شارع المرسى - رأس الخور",
    "area": "east",
    "entrance fee": "?",
    "id": "8",
    "name": "سي إكس سي كروس لاين",
    "phone": "506072223",
    "pricerange": "?",
    "type": "boat"
  },
  {
    "address": "مراسي درايف - الخليج التجاري",
    "area": "centre",
    "entrance fee": "?",
    "id": "67",
    "name": "مرميد كروس",
    "phone": "506516338",
    "pricerange": "?",
    "type": "boat"
  },
  {
    "address": "شاطئ جيه بي آر - مساكن شاطئ جميرا",
    "area": "south",
    "entrance fee": "155 AED",
    "id": "73",
    "name": "اكوا فن",
    "phone": "545226663",
    "pricerange": "moderate",
    "type": "waterpark"
  },
  {
    "address": "منتجع ومارينا لو ميريديان شاطئ الميناء السياحي - دبي مارينا",
    "area": "centre",
    "entrance fee": "200 AED",
    "id": "69",
    "name": "جانجل باي",
    "phone": "43993333",
    "pricerange": "moderate",
    "type": "waterpark"
  },
  {
    "address": "جداف ووترفرونت - دبي",
    "area": "east",
    "entrance fee": "free",
    "id": "11",
    "name": "مركز جميل للفنون",
    "phone": "48739800",
    "pricerange": "free",
    "type": "museum"
  },
  {
    "address": "بناية السركال - شارع المكتوم",
    "area": "east",
    "entrance fee": "free",
    "id": "29",
    "name": "مجموعة السيارات الكلاسيكية الخاصة",
    "phone": "42955000",
    "pricerange": "free",
    "type": "museum"
  },
  {
    "address": "مبنى بنك الإمارات دبي الوطني - شارع بني ياس - ديرة",
    "area": "east",
    "entrance fee": "free",
    "id": "57",
    "name": "متحف اللؤلؤ",
    "phone": "42012713",
    "pricerange": "free",
    "type": "museum"
  },
  {
    "address": "برج خليفة الطابق 150 - بوليفارد محمد بن راشد",
    "area": "centre",
    "entrance fee": "free",
    "id": "5",
    "name": "ماجستك آرتس",
    "phone": "44563562",
    "pricerange": "free",
    "type": "museum"
  },
  {
    "address": "شارع الشيخ زايد - المركز التجاري الثانية",
    "area": "east",
    "entrance fee": "145 AED",
    "id": "14",
    "name": "متحف المستقبل",
    "phone": "8002071",
    "pricerange": "expensive",
    "type": "museum"
  },
  {
    "address": "مواقف فندق جيفورا - المركز التجاري 2 - زعبيل",
    "area": "centre",
    "entrance fee": "free",
    "id": "16",
    "name": "متحف جيفورا للسيارات",
    "phone": "45240000",
    "pricerange": "free",
    "type": "museum"
  },
  {
    "address": "شارع الحصن - حي الفهيدي التاريخي",
    "area": "centre",
    "entrance fee": "free",
    "id": "45",
    "name": "متحف القهوة",
    "phone": "43538777",
    "pricerange": "free",
    "type": "museum"
  },
  {
    "address": "حي الفهيدي التاريخي بالقرب من ديوان الحاكم - بر دبي",
    "area": "centre",
    "entrance fee": "free",
    "id": "52",
    "name": "متحف المسكوكات",
    "phone": "80033222",
    "pricerange": "free",
    "type": "museum"
  },
  {
    "address": "سكة أ 26 - ديرة - الراس‎",
    "area": "centre",
    "entrance fee": "free",
    "id": "54",
    "name": "متحف الشاعر العقيلي",
    "phone": "80033222",
    "pricerange": "free",
    "type": "museum"
  },
  {
    "address": "شارع البلدية القديم - ديرة - السبخة",
    "area": "centre",
    "entrance fee": "free",
    "id": "56",
    "name": "متحف بلدية دبي",
    "phone": "42253312",
    "pricerange": "free",
    "type": "museum"
  },
  {
    "address": "شارع الفهيدي - مقابل المسجد الكبير - بر دبي",
    "area": "centre",
    "entrance fee": "free",
    "id": "60",
    "name": "متحف دبي",
    "phone": "80033222",
    "pricerange": "free",
    "type": "museum"
  },
  {
    "address": "سوق الذهب - ديرة",
    "area": "centre",
    "entrance fee": "free",
    "id": "70",
    "name": "متحف المرأة",
    "phone": "42342342",
    "pricerange": "free",
    "type": "museum"
  },
  {
    "address": "شارع الخليج - بيت الشيخ حشر آل مكتوم",
    "area": "centre",
    "entrance fee": "free",
    "id": "78",
    "name": "متحف معبر الحضارات",
    "phone": "43934440",
    "pricerange": "free",
    "type": "museum"
  },
  {
    "address": "حي الشندغة - دبي",
    "area": "centre",
    "entrance fee": "free",
    "id": "79",
    "name": "متحف الشندغة",
    "phone": "80033222",
    "pricerange": "free",
    "type": "museum"
  },
  {
    "address": "شارع الشيخ زايد - القوز - القوز 4",
    "area": "west",
    "entrance fee": "79 AED",
    "id": "9",
    "name": "عالم 3 دي دبي",
    "phone": "509876511",
    "pricerange": "moderate",
    "type": "museum"
  },
  {
    "address": "1شارع جميرا - الميناء",
    "area": "west",
    "entrance fee": "free",
    "id": "7",
    "name": "متحف الاتحاد",
    "phone": "80033222",
    "pricerange": "free",
    "type": "museum"
  },
  {
    "address": "582شارع جميرا - ام سقيم",
    "area": "west",
    "entrance fee": "free",
    "id": "12",
    "name": "مركز ميراج للفن الإسلامي",
    "phone": "43941084",
    "pricerange": "free",
    "type": "museum"
  },
  {
    "address": "شارع الوصل - جميرا 2 - جميرا",
    "area": "west",
    "entrance fee": "free",
    "id": "37",
    "name": "متحف موقع جميرا الاثري",
    "phone": "43427038",
    "pricerange": "free",
    "type": "museum"
  },
  {
    "address": "شارع ١٧ - جميرا - ام الشيف",
    "area": "west",
    "entrance fee": "free",
    "id": "41",
    "name": "مجلس غرفة أم الشيف",
    "phone": "80033222",
    "pricerange": "free",
    "type": "museum"
  },
  {
    "address": "جميرا 1 - جميرا،",
    "area": "west",
    "entrance fee": "free",
    "id": "46",
    "name": "مركز دبي العالمي للفنون",
    "phone": "43444398",
    "pricerange": "free",
    "type": "museum"
  },
  {
    "address": "قرب محطة مترو الغبيبة - الفهيدي",
    "area": "west",
    "entrance fee": "free",
    "id": "51",
    "name": "متحف ساروق الحديد",
    "phone": "43595612",
    "pricerange": "free",
    "type": "museum"
  },
  {
    "address": "بناية ام سي ان هايف الطابق الأول - البرشاء هايتس",
    "area": "south",
    "entrance fee": "free",
    "id": "6",
    "name": "متحف تاريخ السينما",
    "phone": "44216679",
    "pricerange": "free",
    "type": "museum"
  },
  {
    "address": "بوليفارد كريسنت - وسط مدينة دبي",
    "area": "centre",
    "entrance fee": "free",
    "id": "13",
    "name": "معرض فاوندري",
    "phone": "43673696",
    "pricerange": "free",
    "type": "museum"
  },
  {
    "address": "شارع 8أ - الصفا 2",
    "area": "centre",
    "entrance fee": "99 AED",
    "id": "24",
    "name": "سبلاش اند بارتي",
    "phone": "43883008",
    "pricerange": "moderate",
    "type": "waterpark"
  },
  {
    "address": "لا مير - جميرا - جميرا 1",
    "area": "centre",
    "entrance fee": "190 AED",
    "id": "4",
    "name": "منتزه لاجونا المائي من مراس",
    "phone": "8007699",
    "pricerange": "moderate",
    "type": "waterpark"
  },
  {
    "address": "كايت بيتش - ام سقيم",
    "area": "centre",
    "entrance fee": "60 AED",
    "id": "64",
    "name": "أكوا باركز للترفيه",
    "phone": "502428128",
    "pricerange": "cheap",
    "type": "waterpark"
  },
  {
    "address": "مقابل برج العرب - شارع جميرا - ام سقيم 2",
    "area": "centre",
    "entrance fee": "189 AED",
    "id": "36",
    "name": "حديقة وايلد وادي المائية",
    "phone": "43484444",
    "pricerange": "moderate",
    "type": "waterpark"
  },
  {
    "address": "شارع رأس الخور - رأس الخور",
    "area": "east",
    "entrance fee": "free",
    "id": "18",
    "name": "محمية رأس الخور للحياة البرية",
    "phone": "42215555",
    "pricerange": "free",
    "type": "park"
  },
  {
    "address": "منطقة الكفاف، بالقرب من المركز التجاري العالمي في قلب مدينة دبي في منطقة زعبيل",
    "area": "north",
    "entrance fee": "free",
    "id": "43",
    "name": "حديقة زعبيل",
    "phone": "507252994",
    "pricerange": "free",
    "type": "park"
  },
  {
    "address": "شارع الشيخ زايد - الصفا",
    "area": "south",
    "entrance fee": "free",
    "id": "62",
    "name": "حديقة الصفا",
    "phone": "800900",
    "pricerange": "free",
    "type": "park"
  },
  {
    "address": "شارع مسقط - القوز - القوز 2",
    "area": "south",
    "entrance fee": "free",
    "id": "76",
    "name": "حديقة بحيرة القوز",
    "phone": "800900",
    "pricerange": "free",
    "type": "park"
  },
  {
    "address": "زعبيل 1 - زعبيل",
    "area": "centre",
    "entrance fee": "65 AED",
    "id": "15",
    "name": "دبي جاردن جلو",
    "phone": "559188126",
    "pricerange": "moderate",
    "type": "park"
  },
  {
    "address": "دبي فستيفال سيتي مول",
    "area": "east",
    "entrance fee": "?",
    "id": "17",
    "name": "فابي لاند",
    "phone": "42881490",
    "pricerange": "?",
    "type": "entertainment"
  },
  {
    "address": "شارع الرياض - أم هرير 2",
    "area": "east",
    "entrance fee": "?",
    "id": "28",
    "name": "دولفيناريوم دبي",
    "phone": "43369773",
    "pricerange": "moderate",
    "type": "entertainment"
  },
  {
    "address": "شارع كايت بيتش - ​أم سقيم 1",
    "area": "south",
    "entrance fee": "?",
    "id": "47",
    "name": "كايت بييتش",
    "phone": "43173999",
    "pricerange": "?",
    "type": "entertainment"
  },
  {
    "address": "منتجع اتلانتس - نخلة جميرا",
    "area": "south",
    "entrance fee": "?",
    "id": "65",
    "name": "حديقة أكوافنتشر المائية دبي",
    "phone": "44260000",
    "pricerange": "?",
    "type": "entertainment"
  },
  {
    "address": "سيتي ووك - الوصل - دبي‎",
    "area": "west",
    "entrance fee": "?",
    "id": "77",
    "name": "ذا جرين بلانيت",
    "phone": "8007699",
    "pricerange": "?",
    "type": "entertainment"
  },
  {
    "address": "بوليفارد الشيخ محمد بن راشد",
    "area": "centre",
    "entrance fee": "149 AED",
    "id": "59",
    "name": "برج خليفة",
    "phone": "48888888",
    "pricerange": "moderate",
    "type": "architecture"
  },
  {
    "address": "بوليفارد الشيخ محمد بن راشد - وسط مدينة دبي",
    "area": "centre",
    "entrance fee": "free",
    "id": "26",
    "name": "نافورة برج خليفة",
    "phone": "45672030",
    "pricerange": "free",
    "type": "architecture"
  },
  {
    "address": "شارع الأعمال - الخليج التجاري",
    "area": "centre",
    "entrance fee": "free",
    "id": "27",
    "name": "ذي اوباس",
    "phone": "45115004",
    "pricerange": "free",
    "type": "architecture"
  },
  {
    "address": "شارع الشيخ زايد - المركز التجاري - المركز التجاري الأولى",
    "area": "centre",
    "entrance fee": "free",
    "id": "30",
    "name": "فيرمونت دبي",
    "phone": "43325555",
    "pricerange": "free",
    "type": "architecture"
  },
  {
    "address": "حديقة زعبيل - الكفاف",
    "area": "centre",
    "entrance fee": "50 AED",
    "id": "25",
    "name": "برواز دبي",
    "phone": "800900",
    "pricerange": "cheap",
    "type": "architecture"
  },
  {
    "address": "المركز التجاري - دبي",
    "area": "centre",
    "entrance fee": "free",
    "id": "34",
    "name": "برج المتاهة",
    "phone": "8008436293",
    "pricerange": "free",
    "type": "architecture"
  },
  {
    "address": "بوليفارد الشيخ محمد بن راشد - وسط مدينة دبي",
    "area": "centre",
    "entrance fee": "80 AED",
    "id": "74",
    "name": "سكاي فيو",
    "phone": "48738888",
    "pricerange": "cheap",
    "type": "architecture"
  },
  {
    "address": "شارع الشيخ زايد - المركز التجاري ",
    "area": "centre",
    "entrance fee": "free",
    "id": "50",
    "name": "دوسيت ثاني دبي",
    "phone": "43433333",
    "pricerange": "free",
    "type": "architecture"
  },
  {
    "address": "شارع المكتوم - ديرة",
    "area": "centre",
    "entrance fee": "free",
    "id": "58",
    "name": "ساعة ديرة",
    "phone": "800900",
    "pricerange": "free",
    "type": "architecture"
  },
  {
    "address": "شارع علي ابن أبي طالب - الفهيدي",
    "area": "centre",
    "entrance fee": "free",
    "id": "63",
    "name": "مسجد دبي الكبير",
    "phone": "46087777",
    "pricerange": "free",
    "type": "architecture"
  },
  {
    "address": "شارع جميرا، - ام سقيم 3",
    "area": "west",
    "entrance fee": "190 AED",
    "id": "22",
    "name": "برج العرب",
    "phone": "43017777",
    "pricerange": "moderate",
    "type": "architecture"
  },
  {
    "address": "مركز كيان للأعمال - دبي مارينا",
    "area": "west",
    "entrance fee": "free",
    "id": "23",
    "name": "برج كيان",
    "phone": "43699910",
    "pricerange": "free",
    "type": "architecture"
  },
  {
    "address": "طريق الهلال - نخلة جميرا",
    "area": "west",
    "entrance fee": "free",
    "id": "42",
    "name": "أتلانتس النخلة",
    "phone": "44262000",
    "pricerange": "free",
    "type": "architecture"
  },
  {
    "address": "مركز دبي المالي العالمي",
    "area": "centre",
    "entrance fee": "free",
    "id": "33",
    "name": "مسجد مركز دبي المالي",
    "phone": "43622222",
    "pricerange": "free",
    "type": "architecture"
  },
  {
    "address": "الخليج التجاري - دبي ",
    "area": "centre",
    "entrance fee": "free",
    "id": "38",
    "name": "برج الرؤية",
    "phone": "80037823",
    "pricerange": "free",
    "type": "architecture"
  },
  {
    "address": "​121شارع د  6 - الصفا 1",
    "area": "centre",
    "entrance fee": "free",
    "id": "19",
    "name": "مسجد الفاروق عمر بن الخطاب",
    "phone": "43944448",
    "pricerange": "free",
    "type": "architecture"
  },
  {
    "address": "جزيرة بلوواترز",
    "area": "west",
    "entrance fee": "130 AED",
    "id": "53",
    "name": "عين دبي",
    "phone": "44280411",
    "pricerange": "moderate",
    "type": "architecture"
  },
  {
    "address": "جميرا - جميرا 1 - دبي",
    "area": "west",
    "entrance fee": "free",
    "id": "20",
    "name": "مسجد جميرا الكبير",
    "phone": "43536666",
    "pricerange": "free",
    "type": "architecture"
  },
  {
    "address": "دبي مول الطابق الثاني",
    "area": "centre",
    "entrance fee": "?",
    "id": "75",
    "name": "ريل سينما",
    "phone": "800382246255",
    "pricerange": "?",
    "type": "cinema"
  },
  {
    "address": "ابن بطوطة مول الطابق الأرضي",
    "area": "south",
    "entrance fee": "?",
    "id": "21",
    "name": "نوفو سينما",
    "phone": "600503328",
    "pricerange": "?",
    "type": "cinema"
  },
  {
    "address": "ند الشبا 1 - دبي",
    "area": "east",
    "entrance fee": "?",
    "id": "68",
    "name": "أكاديمية أبيكس الرياضية",
    "phone": "503420773",
    "pricerange": "?",
    "type": "multiple sports"
  },
  {
    "address": "سيتي ووك - الوصل‎",
    "area": "centre",
    "entrance fee": "?",
    "id": "72",
    "name": "كوكا كولا أرينا",
    "phone": "42153000",
    "pricerange": "?",
    "type": "concerthall"
  }
]