[
  {
    "name": "مستشفى الإمارات التخصصي",
    "address": "شارع -٢٦ - أم هرير ٢",
    "id": 0,
    "post": "00000",
    "phone": "42484500",
    "department": "neurosciences critical care unit"
  },
  {
    "name": "مستشفى الإمارات التخصصي",
    "address": "شارع -٢٦ - أم هرير ٢",
    "id": 1,
    "post": "00000",
    "phone": "42484500",
    "department": "trauma high dependency unit"
  },
  {
    "name": "مستشفى الإمارات التخصصي",
    "address": "شارع -٢٦ - أم هرير ٢",
    "id": 2,
    "post": "00000",
    "phone": "42484500",
    "department": "neurology neurosurgery"
  },
  {
    "name": "مستشفى الإمارات التخصصي",
    "address": "شارع -٢٦ - أم هرير ٢",
    "id": 3,
    "post": "00000",
    "phone": "42484500",
    "department": "oncology neurosurgery"
  },
  {
    "name": "مستشفى الإمارات التخصصي",
    "address": "شارع -٢٦ - أم هرير ٢",
    "id": 4,
    "post": "00000",
    "phone": "42484500",
    "department": "children's oncology and haematology"
  },
  {
    "name": "مستشفى الإمارات التخصصي",
    "address": "شارع -٢٦ - أم هرير ٢",
    "id": 5,
    "post": "00000",
    "phone": "42484500",
    "department": "children's surgical and medicine"
  },
  {
    "name": "مستشفى الإمارات التخصصي",
    "address": "شارع -٢٦ - أم هرير ٢",
    "id": 6,
    "post": "00000",
    "phone": "42484500",
    "department": "acute medicine for the elderly"
  },
  {
    "name": "مستشفى الإمارات التخصصي",
    "address": "شارع -٢٦ - أم هرير ٢",
    "id": 7,
    "post": "00000",
    "phone": "42484500",
    "department": "general medicine and nephrology"
  },
  {
    "name": "مستشفى الإمارات التخصصي",
    "address": "شارع -٢٦ - أم هرير ٢",
    "id": 8,
    "post": "00000",
    "phone": "42484500",
    "department": "medicine for the elderly"
  },
  {
    "name": "مستشفى الإمارات التخصصي",
    "address": "شارع -٢٦ - أم هرير ٢",
    "id": 9,
    "post": "00000",
    "phone": "42484500",
    "department": "hepatobillary and gastrointestinal surgery regional referral centre"
  },
  {
    "name": "مستشفى الإمارات التخصصي",
    "address": "شارع -٢٦ - أم هرير ٢",
    "id": 10,
    "post": "00000",
    "phone": "42484500",
    "department": "trauma and orthopaedics"
  },
  {
    "name": "مستشفى الإمارات التخصصي",
    "address": "شارع -٢٦ - أم هرير ٢",
    "id": 11,
    "post": "00000",
    "phone": "42484500",
    "department": "teenage cancer trust unit"
  },
  {
    "name": "مستشفى الإمارات التخصصي",
    "address": "شارع -٢٦ - أم هرير ٢",
    "id": 12,
    "post": "00000",
    "phone": "42484500",
    "department": "haematology and haematological oncology"
  },
  {
    "name": "مستشفى الإمارات التخصصي",
    "address": "شارع -٢٦ - أم هرير ٢",
    "id": 13,
    "post": "00000",
    "phone": "42484500",
    "department": "children's surgical and medicine"
  },
  {
    "name": "مستشفى الإمارات التخصصي",
    "address": "شارع -٢٦ - أم هرير ٢",
    "id": 14,
    "post": "00000",
    "phone": "42484500",
    "department": "intermediate dependancy area"
  },
  {
    "name": "مستشفى الإمارات التخصصي",
    "address": "شارع -٢٦ - أم هرير ٢",
    "id": 15,
    "post": "00000",
    "phone": "42484500",
    "department": "hepatology"
  },
  {
    "name": "مستشفى الإمارات التخصصي",
    "address": "شارع -٢٦ - أم هرير ٢",
    "id": 16,
    "post": "00000",
    "phone": "42484500",
    "department": "haematology"
  },
  {
    "name": "مستشفى الإمارات التخصصي",
    "address": "شارع -٢٦ - أم هرير ٢",
    "id": 17,
    "post": "00000",
    "phone": "42484500",
    "department": "neurology"
  },
  {
    "name": "مستشفى الإمارات التخصصي",
    "address": "شارع -٢٦ - أم هرير ٢",
    "id": 18,
    "post": "00000",
    "phone": "42484500",
    "department": "surgery"
  },
  {
    "name": "مستشفى الإمارات التخصصي",
    "address": "شارع -٢٦ - أم هرير ٢",
    "id": 19,
    "post": "00000",
    "phone": "42484500",
    "department": "trauma and orthopaedics"
  },
  {
    "name": "مستشفى الإمارات التخصصي",
    "address": "شارع -٢٦ - أم هرير ٢",
    "id": 20,
    "post": "00000",
    "phone": "42484500",
    "department": "oncology"
  },
  {
    "name": "مستشفى الإمارات التخصصي",
    "address": "شارع -٢٦ - أم هرير ٢",
    "id": 21,
    "post": "00000",
    "phone": "42484500",
    "department": "infectious diseases"
  },
  {
    "name": "مستشفى الإمارات التخصصي",
    "address": "شارع -٢٦ - أم هرير ٢",
    "id": 22,
    "post": "00000",
    "phone": "42484500",
    "department": "haematology day unit"
  },
  {
    "name": "مستشفى الإمارات التخصصي",
    "address": "شارع -٢٦ - أم هرير ٢",
    "id": 23,
    "post": "00000",
    "phone": "42484500",
    "department": "clinical decisions unit"
  },
  {
    "name": "مستشفى الإمارات التخصصي",
    "address": "شارع -٢٦ - أم هرير ٢",
    "id": 24,
    "post": "00000",
    "phone": "42484500",
    "department": "acute medical assessment unit"
  },
  {
    "name": "مستشفى الإمارات التخصصي",
    "address": "شارع -٢٦ - أم هرير ٢",
    "id": 25,
    "post": "00000",
    "phone": "42484500",
    "department": "medical short stay unit"
  },
  {
    "name": "مستشفى الإمارات التخصصي",
    "address": "شارع -٢٦ - أم هرير ٢",
    "id": 26,
    "post": "00000",
    "phone": "42484500",
    "department": "inpatient occupational therapy"
  },
  {
    "name": "مستشفى الإمارات التخصصي",
    "address": "شارع -٢٦ - أم هرير ٢",
    "id": 27,
    "post": "00000",
    "phone": "42484500",
    "department": "paediatric day unit"
  },
  {
    "name": "مستشفى الإمارات التخصصي",
    "address": "شارع -٢٦ - أم هرير ٢",
    "id": 28,
    "post": "00000",
    "phone": "42484500",
    "department": "paediatric clinic"
  },
  {
    "name": "مستشفى الإمارات التخصصي",
    "address": "شارع -٢٦ - أم هرير ٢",
    "id": 29,
    "post": "00000",
    "phone": "42484500",
    "department": "medicine for the elderly"
  },
  {
    "name": "مستشفى الإمارات التخصصي",
    "address": "شارع -٢٦ - أم هرير ٢",
    "id": 30,
    "post": "00000",
    "phone": "42484500",
    "department": "transplant high dependency unit"
  },
  {
    "name": "مستشفى الإمارات التخصصي",
    "address": "شارع -٢٦ - أم هرير ٢",
    "id": 31,
    "post": "00000",
    "phone": "42484500",
    "department": "diabetes and endocrinology"
  },
  {
    "name": "مستشفى الإمارات التخصصي",
    "address": "شارع -٢٦ - أم هرير ٢",
    "id": 32,
    "post": "00000",
    "phone": "42484500",
    "department": "infusion services"
  },
  {
    "name": "مستشفى الإمارات التخصصي",
    "address": "شارع -٢٦ - أم هرير ٢",
    "id": 33,
    "post": "00000",
    "phone": "42484500",
    "department": "medicine for the elderly"
  },
  {
    "name": "مستشفى الإمارات التخصصي",
    "address": "شارع -٢٦ - أم هرير ٢",
    "id": 34,
    "post": "00000",
    "phone": "42484500",
    "department": "medicine for the elderly"
  },
  {
    "name": "مستشفى الإمارات التخصصي",
    "address": "شارع -٢٦ - أم هرير ٢",
    "id": 35,
    "post": "00000",
    "phone": "42484500",
    "department": "transplant unit"
  },
  {
    "name": "مستشفى الإمارات التخصصي",
    "address": "شارع -٢٦ - أم هرير ٢",
    "id": 36,
    "post": "00000",
    "phone": "42484500",
    "department": "medicine for the elderly"
  },
  {
    "name": "مستشفى الإمارات التخصصي",
    "address": "شارع -٢٦ - أم هرير ٢",
    "id": 37,
    "post": "00000",
    "phone": "42484500",
    "department": "theatre admissions unit"
  },
  {
    "name": "مستشفى الإمارات التخصصي",
    "address": "شارع -٢٦ - أم هرير ٢",
    "id": 38,
    "post": "00000",
    "phone": "42484500",
    "department": "cardiology"
  },
  {
    "name": "مستشفى الإمارات التخصصي",
    "address": "شارع -٢٦ - أم هرير ٢",
    "id": 39,
    "post": "00000",
    "phone": "42484500",
    "department": "major trauma unit"
  },
  {
    "name": "مستشفى الإمارات التخصصي",
    "address": "شارع -٢٦ - أم هرير ٢",
    "id": 40,
    "post": "00000",
    "phone": "42484500",
    "department": "cardiology and coronary care unit"
  },
  {
    "name": "مستشفى الإمارات التخصصي",
    "address": "شارع -٢٦ - أم هرير ٢",
    "id": 41,
    "post": "00000",
    "phone": "42484500",
    "department": "colorectal surgery"
  },
  {
    "name": "مستشفى الإمارات التخصصي",
    "address": "شارع -٢٦ - أم هرير ٢",
    "id": 42,
    "post": "00000",
    "phone": "42484500",
    "department": "plastic and vascular surgery plastics"
  },
  {
    "name": "مستشفى الإمارات التخصصي",
    "address": "شارع -٢٦ - أم هرير ٢",
    "id": 43,
    "post": "00000",
    "phone": "42484500",
    "department": "gastroenterology"
  },
  {
    "name": "مستشفى الإمارات التخصصي",
    "address": "شارع -٢٦ - أم هرير ٢",
    "id": 44,
    "post": "00000",
    "phone": "42484500",
    "department": "oral and maxillofacial surgery and ent"
  },
  {
    "name": "مستشفى الإمارات التخصصي",
    "address": "شارع -٢٦ - أم هرير ٢",
    "id": 45,
    "post": "00000",
    "phone": "42484500",
    "department": "urology"
  },
  {
    "name": "مستشفى الإمارات التخصصي",
    "address": "شارع -٢٦ - أم هرير ٢",
    "id": 46,
    "post": "00000",
    "phone": "42484500",
    "department": "respiratory medicine"
  },
  {
    "name": "مستشفى الإمارات التخصصي",
    "address": "شارع -٢٦ - أم هرير ٢",
    "id": 47,
    "post": "00000",
    "phone": "42484500",
    "department": "lewin stroke and rehabilitation unit"
  },
  {
    "name": "مستشفى الإمارات التخصصي",
    "address": "شارع -٢٦ - أم هرير ٢",
    "id": 48,
    "post": "00000",
    "phone": "42484500",
    "department": "neurosciences"
  },
  {
    "name": "مستشفى الإمارات التخصصي",
    "address": "شارع -٢٦ - أم هرير ٢",
    "id": 49,
    "post": "00000",
    "phone": "42484500",
    "department": "psychiatry"
  },
  {
    "name": "مستشفى الإمارات التخصصي",
    "address": "شارع -٢٦ - أم هرير ٢",
    "id": 50,
    "post": "00000",
    "phone": "42484500",
    "department": "emergency department"
  },
  {
    "name": "مستشفى الإمارات التخصصي",
    "address": "شارع -٢٦ - أم هرير ٢",
    "id": 51,
    "post": "00000",
    "phone": "42484500",
    "department": "cambridge eye unit"
  },
  {
    "name": "مستشفى الإمارات التخصصي",
    "address": "شارع -٢٦ - أم هرير ٢",
    "id": 52,
    "post": "00000",
    "phone": "42484500",
    "department": "clinical investigation ward"
  },
  {
    "name": "مستشفى الإمارات التخصصي",
    "address": "شارع -٢٦ - أم هرير ٢",
    "id": 53,
    "post": "00000",
    "phone": "42484500",
    "department": "clinical research facility"
  },
  {
    "name": "مستشفى الإمارات التخصصي",
    "address": "شارع -٢٦ - أم هرير ٢",
    "id": 54,
    "post": "00000",
    "phone": "42484500",
    "department": "coronary care unit"
  },
  {
    "name": "مستشفى الإمارات التخصصي",
    "address": "شارع -٢٦ - أم هرير ٢",
    "id": 55,
    "post": "00000",
    "phone": "42484500",
    "department": "intermediate dependency area"
  },
  {
    "name": "مستشفى الإمارات التخصصي",
    "address": "شارع -٢٦ - أم هرير ٢",
    "id": 56,
    "post": "00000",
    "phone": "42484500",
    "department": "medical decisions unit"
  },
  {
    "name": "مستشفى الإمارات التخصصي",
    "address": "شارع -٢٦ - أم هرير ٢",
    "id": 57,
    "post": "00000",
    "phone": "42484500",
    "department": "paediatric intensive care unit"
  },
  {
    "name": "مستشفى الإمارات التخصصي",
    "address": "شارع -٢٦ - أم هرير ٢",
    "id": 58,
    "post": "00000",
    "phone": "42484500",
    "department": "paediatric day unit"
  },
  {
    "name": "مستشفى الإمارات التخصصي",
    "address": "شارع -٢٦ - أم هرير ٢",
    "id": 59,
    "post": "00000",
    "phone": "42484500",
    "department": "john farman intensive care unit"
  },
  {
    "name": "مستشفى الإمارات التخصصي",
    "address": "شارع -٢٦ - أم هرير ٢",
    "id": 60,
    "post": "00000",
    "phone": "42484500",
    "department": "delivery unit"
  },
  {
    "name": "مستشفى الإمارات التخصصي",
    "address": "شارع -٢٦ - أم هرير ٢",
    "id": 61,
    "post": "00000",
    "phone": "42484500",
    "department": "postnatal"
  },
  {
    "name": "مستشفى الإمارات التخصصي",
    "address": "شارع -٢٦ - أم هرير ٢",
    "id": 62,
    "post": "00000",
    "phone": "42484500",
    "department": "neonatal unit"
  },
  {
    "name": "مستشفى الإمارات التخصصي",
    "address": "شارع -٢٦ - أم هرير ٢",
    "id": 63,
    "post": "00000",
    "phone": "42484500",
    "department": "antenatal"
  },
  {
    "name": "مستشفى الإمارات التخصصي",
    "address": "شارع -٢٦ - أم هرير ٢",
    "id": 64,
    "post": "00000",
    "phone": "42484500",
    "department": "transitional care"
  },
  {
    "name": "مستشفى الإمارات التخصصي",
    "address": "شارع -٢٦ - أم هرير ٢",
    "id": 65,
    "post": "00000",
    "phone": "42484500",
    "department": "gynaecology"
  }
]