[
    {
        "address": "الجداف - بر دبي",
        "area": "east",
        "internet": "yes",
        "parking": "no",
        "id": "0",
        "postcode": "00000",
        "name": "بارك للشقق الفندقية",
        "phone": "43246111",
        "pricerange": "moderate",
        "stars": "4",
        "takesbookings": "yes",
        "type": "hotel"
    },
    {
        "address": "11شارع 20 - ديرة",
        "area": "north",
        "internet": "yes",
        "parking": "yes",
        "id": "1",
        "postcode": "00000",
        "name": "التلال",
        "phone": "42605555",
        "pricerange": "moderate",
        "stars": "4",
        "takesbookings": "yes",
        "type": "hotel"
    },
    {
        "address": "مواقف سيارات شارع السعادة - مركز التجارة العالمي دبي",
        "area": "centre",
        "internet": "yes",
        "parking": "yes",
        "id": "2",
        "postcode": "00000",
        "name": "فندق نوفوتيل",
        "phone": "43320000",
        "pricerange": "cheap",
        "stars": "4",
        "takesbookings": "yes",
        "type": "hotel"
    },
    {
        "address": "مدينة مهرجان دبي",
        "area": "east",
        "internet": "yes",
        "parking": "yes",
        "id": "3",
        "postcode": "00000",
        "name": "هوليداي إن",
        "phone": "46035000",
        "pricerange": "cheap",
        "stars": "4",
        "n": "yes",
        "type": "hotel"
    },
    {
        "address": "شارع بني ياس - ديرة - الرقة",
        "area": "north",
        "internet": "no",
        "parking": "no",
        "id": "4",
        "postcode": "00000",
        "name": "النخيل للشقق الفندقية",
        "phone": "42241555",
        "pricerange": "moderate",
        "stars": "3",
        "takesbookings": "yes",
        "type": "hotel"
    },
    {
        "address": "مطار الشارقة الدولي - الرقعة الحمراء - الشارقة",
        "area": "north",
        "internet": "yes",
        "parking": "yes",
        "id": "5",
        "postcode": "00000",
        "name": "فندق سنترو",
        "phone": "65088000",
        "pricerange": "moderate",
        "stars": "4",
        "takesbookings": "yes",
        "type": "hotel"
    },
    {
        "address": "شارع المنتزة - الشارقة",
        "area": "north",
        "internet": "yes",
        "parking": "yes",
        "id": "6",
        "postcode": "00000",
        "name": "منتجع كورال بيتش",
        "phone": "65229999",
        "pricerange": "moderate",
        "stars": "4",
        "takesbookings": "yes",
        "type": "hotel"
    },
    {
        "address": "محطة مترو الغبيبة - بر دبي",
        "area": "north",
        "internet": "yes",
        "parking": "yes",
        "id": "7",
        "postcode": "00000",
        "name": "بيت التراث",
        "phone": "543191286",
        "pricerange": "moderate",
        "stars": "2",
        "takesbookings": "yes",
        "type": "guesthouse"
    },
    {
        "address": "القصيص منطقة صناعية 5 - ديرة",
        "area": "east",
        "internet": "yes",
        "parking": "yes",
        "id": "8",
        "postcode": "00000",
        "name": "تايم اونكس",
        "phone": "46042999",
        "pricerange": "cheap",
        "stars": "4",
        "takesbookings": "yes",
        "type": "hotel"
    },
    {
        "address": "15شارع بني ياس - ديرة - الرقة",
        "area": "north",
        "internet": "yes",
        "parking": "no",
        "id": "9",
        "postcode": "00000",
        "name": "كارلتون دبي كريك",
        "phone": "45069999",
        "pricerange": "moderate",
        "stars": "4",
        "takesbookings": "yes",
        "type": "hotel"
    },
    {
        "address": "الخليج التجاري - دبي",
        "area": "south",
        "internet": "yes",
        "parking": "yes",
        "id": "10",
        "postcode": "00000",
        "name": "فندق دبل تري باي هيلتون",
        "phone": "45511544",
        "pricerange": "moderate",
        "stars": "4",
        "takesbookings": "yes",
        "type": "hotel"
    },
    {
        "address": "شارع البدع - الوصل",
        "area": "south",
        "internet": "yes",
        "parking": "yes",
        "id": "11",
        "postcode": "00000",
        "name": "روف سيتي ووك",
        "phone": "42419700",
        "pricerange": "moderate",
        "stars": "3",
        "takesbookings": "yes",
        "type": "hotel"
    },
    {
        "address": "رأس الخور - دبي",
        "area": "east",
        "internet": "yes",
        "parking": "yes",
        "id": "12",
        "postcode": "00000",
        "name": "فيدا كريك هاربور",
        "phone": "44288888",
        "pricerange": "moderate",
        "stars": "4",
        "takesbookings": "yes",
        "type": "hotel"
    },
    {
        "address": "شارع الكورنيش - الشويهين",
        "area": "north",
        "internet": "yes",
        "parking": "yes",
        "id": "13",
        "postcode": "00000",
        "name": "فندق الجزيرة",
        "phone": "65753332",
        "pricerange": "cheap",
        "stars": "0",
        "takesbookings": "yes",
        "type": "hotel"
    },
    {
        "address": "شارع الشيخ زايد - المركز التجاري",
        "area": "centre",
        "internet": "yes",
        "parking": "no",
        "id": "14",
        "postcode": "00000",
        "name": "فندق جيفورا",
        "phone": "45240000",
        "pricerange": "moderate",
        "stars": "0",
        "takesbookings": "yes",
        "type": "guesthouse"
    },
    {
        "address": "شارع الوصل - دبي",
        "area": "centre",
        "internet": "yes",
        "parking": "yes",
        "id": "15",
        "postcode": "00000",
        "name": "هوليداي إن اكسبرس",
        "phone": "45119333",
        "pricerange": "cheap",
        "stars": "0",
        "takesbookings": "yes",
        "type": "hotel"
    },
    {
        "address": "شارع الجداف - رأس الخور",
        "area": "east",
        "internet": "yes",
        "parking": "yes",
        "id": "16",
        "postcode": "00000",
        "name": "ارابيان بارك",
        "phone": "43245999",
        "pricerange": "expensive",
        "stars": "2",
        "takesbookings": "yes",
        "type": "guesthouse"
    },
    {
        "address": "شارع الثاني من ديسمبر - البدع‎",
        "area": "west",
        "internet": "yes",
        "parking": "yes",
        "id": "17",
        "postcode": "00000",
        "name": "جميرا روتانا",
        "phone": "43455888",
        "pricerange": "cheap",
        "stars": "4",
        "takesbookings": "yes",
        "type": "hotel"
    },
    {
        "address": "312شارع السعادة، زعبيل 2",
        "area": "centre",
        "internet": "yes",
        "parking": "yes",
        "id": "18",
        "postcode": "00000",
        "name": "روڤ وسط المدينة",
        "phone": "45619000",
        "pricerange": "expensive",
        "stars": "3",
        "takesbookings": "yes",
        "type": "guesthouse"
    },
    {
        "address": "110شارع الخليج - ديرة",
        "area": "north",
        "internet": "yes",
        "parking": "yes",
        "id": "19",
        "postcode": "00000",
        "name": "أداجيو دبي ديرة",
        "phone": "42339333",
        "pricerange": "moderate",
        "stars": "3",
        "takesbookings": "yes",
        "type": "hotel"
    },
    {
        "address": "لا مير بيتش - جميرا - جميرا 1",
        "area": "west",
        "internet": "yes",
        "parking": "yes",
        "id": "20",
        "postcode": "00000",
        "name": "روف لا مير بيتش",
        "phone": "42419600",
        "pricerange": "moderate",
        "stars": "3",
        "takesbookings": "yes",
        "type": "hotel"
    },
    {
        "address": "شارع الخليفة بن زايد - الكرامة - بر دبي",
        "area": "north",
        "internet": "yes",
        "parking": "yes",
        "id": "21",
        "postcode": "00000",
        "name": "برجمان أرجان من روتانا",
        "phone": "43524444",
        "pricerange": "moderate",
        "stars": "4",
        "takesbookings": "yes",
        "type": "hotel"
    },
    {
        "address": "شارع النسناس - جميرا 3",
        "area": "west",
        "internet": "yes",
        "parking": "yes",
        "id": "22",
        "postcode": "00000",
        "name": "روضة منتجع الشاطئ",
        "phone": "43047000",
        "pricerange": "expensive",
        "stars": "4",
        "takesbookings": "yes",
        "type": "guesthouse"
    },
    {
        "address": "شارع الرقة - دبي",
        "area": "north",
        "internet": "yes",
        "parking": "yes",
        "id": "23",
        "postcode": "00000",
        "name": "حياة بلايس الرقة",
        "phone": "46081234",
        "pricerange": "moderate",
        "stars": "4",
        "takesbookings": "yes",
        "type": "hotel"
    },
    {
        "address": "عود ميثاء - دبي",
        "area": "east",
        "internet": "yes",
        "parking": "yes",
        "id": "24",
        "postcode": "00000",
        "name": "جلف ان النصر",
        "phone": "47776666",
        "pricerange": "cheap",
        "stars": "4",
        "takesbookings": "yes",
        "type": "hotel"
    },
    {
        "address": "شارع السيف - أم هرير 1",
        "area": "north",
        "internet": "yes",
        "parking": "yes",
        "id": "25",
        "postcode": "00000",
        "name": "فندق السيف التراثي",
        "phone": "47077077",
        "pricerange": "moderate",
        "stars": "4",
        "takesbookings": "yes",
        "type": "hotel"
    },
    {
        "address": "56شارع علي ابن أبي طالب - الفهيدي",
        "area": "north",
        "internet": "yes",
        "parking": "yes",
        "id": "26",
        "postcode": "00000",
        "name": "الأفق",
        "phone": "43539998",
        "pricerange": "moderate",
        "stars": "2",
        "takesbookings": "yes",
        "type": "guesthouse"
    },
    {
        "address": "شارع الهبوب - دبي مارينا",
        "area": "south",
        "internet": "yes",
        "parking": "yes",
        "id": "27",
        "postcode": "00000",
        "name": "مارينا بيبلوس",
        "phone": "44488222",
        "pricerange": "cheap",
        "stars": "4",
        "takesbookings": "yes",
        "type": "hotel"
    },
    {
        "address": "شارع الميناء - الميناء - ميناء راشد",
        "area": "west",
        "internet": "yes",
        "parking": "yes",
        "id": "28",
        "postcode": "00000",
        "name": "هيلتون جاردن إن",
        "phone": "43140500",
        "pricerange": "cheap",
        "stars": "4",
        "takesbookings": "yes",
        "type": "guesthouse"
    },
    {
        "address": "شارع الصويب - بالقرب من مارينا مول - دبي مارينا",
        "area": "south",
        "internet": "yes",
        "parking": "yes",
        "id": "29",
        "postcode": "00000",
        "name": "رويال ريجنسي سويتس",
        "phone": "48795900",
        "pricerange": "expensive",
        "stars": "3",
        "takesbookings": "yes",
        "type": "guesthouse"
    },
    {
        "address": "بوليفارد محمد بن راشد",
        "area": "centre",
        "internet": "yes",
        "parking": "yes",
        "id": "30",
        "postcode": "00000",
        "name": "رمادا داون تاون",
        "phone": "43307330",
        "pricerange": "expensive",
        "stars": "4",
        "takesbookings": "yes",
        "type": "guesthouse"
    },
    {
        "address": "شارع 20سي - القرهود - ص. ب 10001",
        "area": "east",
        "internet": "yes",
        "parking": "yes",
        "id": "31",
        "postcode": "00000",
        "name": "فندق إليمنت مطار دبي",
        "phone": "46041800",
        "pricerange": "moderate",
        "stars": "4",
        "takesbookings": "yes",
        "type": "hotel"
    },
    {
        "address": "شارع المرقبات - دبي",
        "area": "north",
        "internet": "yes",
        "parking": "yes",
        "id": "32",
        "postcode": "00000",
        "name": "فندق كورال",
        "phone": "42248587",
        "pricerange": "cheap",
        "stars": "4",
        "takesbookings": "yes",
        "type": "hotel"
    }
]
