[
  {
    "name": "بي اف تشانغز",
    "food": "asian oriental",
    "address": "سيتي ووك - الوصل‎",
    "id": 0,
    "postcode": "00000",
    "phone": "43153626",
    "area": "centre",
    "pricerange": "cheap",
    "type": "restaurant"
  },
  {
    "name": "مقهى مدحت باشا",
    "food": "asian oriental",
    "address": "برج بلو باي - مراسي درايف - الخليج التجاري",
    "id": 1,
    "postcode": "00000",
    "phone": "42432888",
    "area": "centre",
    "pricerange": "cheap",
    "type": "restaurant"
  },
  {
    "name": "الصوان الصيني",
    "food": "chinese",
    "address": "مركز شاطئ جميرا - جميرا ١",
    "id": 2,
    "postcode": "00000",
    "phone": "43444432",
    "area": "centre",
    "pricerange": "cheap",
    "type": "restaurant"
  },
  {
    "name": "نيهاو هوت بوت & باربيكيو",
    "food": "chinese",
    "address": "شارع الثاني من ديسمبر - البدع",
    "id": 3,
    "postcode": "00000",
    "phone": "42623322",
    "area": "centre",
    "pricerange": "cheap",
    "type": "restaurant"
  },
  {
    "name": "مطعم شنغهاي المطبخ",
    "food": "chinese",
    "address": "شارع السطوة - قرب جمعية الامارات التعاونية - الجافلية",
    "id": 4,
    "postcode": "00000",
    "phone": "4398213",
    "area": "centre",
    "pricerange": "cheap",
    "type": "restaurant"
  },
  {
    "name": "قصر الهند",
    "food": "indian",
    "address": "دبي مول",
    "id": 5,
    "postcode": "00000",
    "phone": "43399325",
    "area": "centre",
    "pricerange": "cheap",
    "type": "restaurant"
  },
  {
    "name": "جازيبو",
    "food": "indian",
    "address": "مركز دبي المالي العالمي",
    "id": 6,
    "postcode": "00000",
    "phone": "43585550",
    "area": "centre",
    "pricerange": "cheap",
    "type": "restaurant"
  },
  {
    "name": "موتي محل",
    "food": "indian",
    "address": "شارع الخليج - الخليج التجاري",
    "id": 7,
    "postcode": "00000",
    "phone": "43695000",
    "area": "centre",
    "pricerange": "cheap",
    "type": "restaurant"
  },
  {
    "name": "بونو بونو",
    "food": "italian",
    "address": "بناية الكواكب D - شارع الشيخ زايد",
    "id": 8,
    "postcode": "00000",
    "phone": "43511823",
    "area": "centre",
    "pricerange": "cheap",
    "type": "restaurant"
  },
  {
    "name": "ماما إيطاليا",
    "food": "italian",
    "address": "إعمار بوليفارد بلازا",
    "id": 9,
    "postcode": "00000",
    "phone": "43881480",
    "area": "centre",
    "pricerange": "cheap",
    "type": "restaurant"
  },
  {
    "name": "مطعم لانتيكا بيتزا دا ميشيل",
    "food": "italian",
    "address": "سيتي ووك مول‎",
    "id": 10,
    "postcode": "00000",
    "phone": "42240040",
    "area": "centre",
    "pricerange": "cheap",
    "type": "restaurant"
  },
  {
    "name": "مطعم زاروب",
    "food": "mediterranean",
    "address": "برج جميرا",
    "id": 11,
    "postcode": "00000",
    "phone": "43096835",
    "area": "centre",
    "pricerange": "cheap",
    "type": "restaurant"
  },
  {
    "name": "مطعم ايكيا",
    "food": "modern european",
    "address": "دبي فيستيفال سيتي",
    "id": 12,
    "postcode": "00000",
    "phone": "8004532",
    "area": "centre",
    "pricerange": "cheap",
    "type": "restaurant"
  },
  {
    "name": "تاكا تاكا",
    "food": "portuguese",
    "address": "الخليج التجاري",
    "id": 13,
    "postcode": "00000",
    "phone": "45144900",
    "area": "centre",
    "pricerange": "cheap",
    "type": "restaurant"
  },
  {
    "name": "بوكا",
    "food": "spanish",
    "address": "مركز دبي المالي العالمي",
    "id": 14,
    "postcode": "00000",
    "phone": "43231833",
    "area": "centre",
    "pricerange": "cheap",
    "type": "restaurant"
  },
  {
    "name": "مطعم مترو",
    "food": "international",
    "address": "فندق هيوز بوتيك",
    "id": 15,
    "postcode": "00000",
    "phone": "42365566",
    "area": "east",
    "pricerange": "cheap",
    "type": "restaurant"
  },
  {
    "name": "كاليكوت نوت بوك",
    "food": "indian",
    "address": "شارع أبو بكر الصديق - هور العنز",
    "id": 16,
    "postcode": "00000",
    "phone": "42653336",
    "area": "north",
    "pricerange": "cheap",
    "type": "restaurant"
  },
  {
    "name": "ماما إيطاليا الجميرا",
    "food": "italian",
    "address": "مساكن شاطئ جميرا",
    "id": 17,
    "postcode": "00000",
    "phone": "42328531",
    "area": "north",
    "pricerange": "cheap",
    "type": "restaurant"
  },
  {
    "name": "شيف وونج",
    "food": "chinese",
    "address": "شارع 12 - ديرة",
    "id": 18,
    "postcode": "00000",
    "phone": "567601343",
    "area": "south",
    "pricerange": "cheap",
    "type": "restaurant"
  },
  {
    "name": "بيبي بيري بيري",
    "food": "portuguese",
    "address": "فوكس هيل 5 - موتور سيتي",
    "id": 19,
    "postcode": "00000",
    "phone": "45645778",
    "area": "south",
    "pricerange": "cheap",
    "type": "restaurant"
  },
  {
    "name": "دافينشي",
    "food": "italian",
    "address": "فندق ميلينيوم بمطار دبي",
    "id": 20,
    "postcode": "00000",
    "phone": "47028888",
    "area": "west",
    "pricerange": "cheap",
    "type": "restaurant"
  },
  {
    "name": "هانوي",
    "food": "vietnamese",
    "address": "أبراج بحيرات الجميرا",
    "id": 21,
    "postcode": "00000",
    "phone": "44313099",
    "area": "west",
    "pricerange": "cheap",
    "type": "restaurant"
  },
  {
    "name": "كيزا",
    "food": "african",
    "address": "أبراج الإمارات المالية - المركز التجاري",
    "id": 22,
    "postcode": "00000",
    "phone": "44539038",
    "area": "centre",
    "pricerange": "expensive",
    "type": "restaurant"
  },
  {
    "name": "بنيهانا",
    "food": "asian oriental",
    "address": "مساكن شاطئ جميرا",
    "id": 23,
    "postcode": "00000",
    "phone": "44283089",
    "area": "centre",
    "pricerange": "expensive",
    "type": "restaurant"
  },
  {
    "name": "مطعم أتموسفير",
    "food": "british",
    "address": "برج الخليفة الطابق 122",
    "id": 24,
    "postcode": "00000",
    "phone": "48883828",
    "area": "centre",
    "pricerange": "expensive",
    "type": "restaurant"
  },
  {
    "name": "شكسبير أند كو",
    "food": "british",
    "address": "برج الصقر للأعمال - المركز التجاري",
    "id": 25,
    "postcode": "00000",
    "phone": "43311757",
    "area": "centre",
    "pricerange": "expensive",
    "type": "restaurant"
  },
  {
    "name": "شكسبير أند كو سوق البحار",
    "food": "british",
    "address": "​سوق البحار - بوليفارد محمد بن راشد",
    "id": 26,
    "postcode": "00000",
    "phone": "44257971",
    "area": "centre",
    "pricerange": "expensive",
    "type": "restaurant"
  },
  {
    "name": "تشن تشن",
    "food": "chinese",
    "address": "داماك بارك تاورز  - المركز التجاري",
    "id": 27,
    "postcode": "00000",
    "phone": "80024462446",
    "area": "centre",
    "pricerange": "expensive",
    "type": "restaurant"
  },
  {
    "name": "هوتونج دبي",
    "food": "chinese",
    "address": "مبنى 6 - المركز التجاري",
    "id": 28,
    "postcode": "00000",
    "phone": "42200868",
    "area": "centre",
    "pricerange": "expensive",
    "type": "restaurant"
  },
  {
    "name": "سزلنج ووك",
    "food": "chinese",
    "address": "فندق سيتي ماكس - الخليج التجاري",
    "id": 29,
    "postcode": "00000",
    "phone": "45713300",
    "area": "centre",
    "pricerange": "expensive",
    "type": "restaurant"
  },
  {
    "name": "وكص دن",
    "food": "chinese",
    "address": "62 شارع جميرا - جميرا - جميرا ١",
    "id": 30,
    "postcode": "00000",
    "phone": "559084050",
    "area": "centre",
    "pricerange": "expensive",
    "type": "restaurant"
  },
  {
    "name": "ذا تشيزكيك فاكتوري",
    "food": "european",
    "address": "دبي مول قرب دبي أكواريوم",
    "id": 31,
    "postcode": "00000",
    "phone": "44190223",
    "area": "centre",
    "pricerange": "expensive",
    "type": "restaurant"
  },
  {
    "name": "لو بان كوتيديان",
    "food": "european",
    "address": "دبي مول قرب النافورة",
    "id": 32,
    "postcode": "00000",
    "phone": "44190375",
    "area": "centre",
    "pricerange": "expensive",
    "type": "restaurant"
  },
  {
    "name": "أنجلينا",
    "food": "french",
    "address": "دبي مول - شارع المركز المالي",
    "id": 33,
    "postcode": "00000",
    "phone": "44428814",
    "area": "centre",
    "pricerange": "expensive",
    "type": "restaurant"
  },
  {
    "name": "النافورة",
    "food": "arab",
    "address": "جميرا زعبيل سراي",
    "id": 34,
    "postcode": "00000",
    "phone": "44530444",
    "area": "centre",
    "pricerange": "expensive",
    "type": "restaurant"
  },
  {
    "name": "مطعم صمد العراقي",
    "food": "arab",
    "address": "بيتش بارك بلازا - شارع شاطئ جميرة",
    "id": 35,
    "postcode": "00000",
    "phone": "43427887",
    "area": "centre",
    "pricerange": "expensive",
    "type": "restaurant"
  },
  {
    "name": "منت ليف ، دبي",
    "food": "indian",
    "address": "أبراج الإمارات المالية الطابق 15 - المركز التجاري",
    "id": 36,
    "postcode": "00000",
    "phone": "47060900",
    "area": "centre",
    "pricerange": "expensive",
    "type": "restaurant"
  },
  {
    "name": "باتيالا",
    "food": "indian",
    "address": "سوق البحار الطابق 3 - بوليفارد محمد بن راشد",
    "id": 37,
    "postcode": "00000",
    "phone": "44519151",
    "area": "centre",
    "pricerange": "expensive",
    "type": "restaurant"
  },
  {
    "name": "فيا دلهي",
    "food": "indian",
    "address": "أركاديا للشقق الفندقية - عود ميثاء",
    "id": 38,
    "postcode": "00000",
    "phone": "43448044",
    "area": "centre",
    "pricerange": "expensive",
    "type": "restaurant"
  },
  {
    "name": "سانجام",
    "food": "indian",
    "address": "شارع رقم 4 - عود ميثاء",
    "id": 39,
    "postcode": "00000",
    "phone": "43548990",
    "area": "centre",
    "pricerange": "expensive",
    "type": "restaurant"
  },
  {
    "name": "مطعم سيجدي",
    "food": "indian",
    "address": "60 شارع زعبيل - الكرامة",
    "id": 40,
    "postcode": "00000",
    "phone": "43548978",
    "area": "centre",
    "pricerange": "expensive",
    "type": "restaurant"
  },
  {
    "name": "سبايسكلوب",
    "food": "indian",
    "address": "بناية الرفاعة C - شارع الكويت - المنخول",
    "id": 41,
    "postcode": "00000",
    "phone": "43931233",
    "area": "centre",
    "pricerange": "expensive",
    "type": "restaurant"
  },
  {
    "name": "مطعم جيا",
    "food": "italian",
    "address": "فاشون افينيو- دبي مول - شارع المركز المالي",
    "id": 42,
    "postcode": "00000",
    "phone": "42349986",
    "area": "centre",
    "pricerange": "expensive",
    "type": "restaurant"
  },
  {
    "name": "فابيانو",
    "food": "italian",
    "address": "دبي مول",
    "id": 43,
    "postcode": "00000",
    "phone": "45897981",
    "area": "centre",
    "pricerange": "expensive",
    "type": "restaurant"
  },
  {
    "name": "كارلوتشيوز",
    "food": "italian",
    "address": "دبي مول الطابق السفلي",
    "id": 44,
    "postcode": "00000",
    "phone": "43305990",
    "area": "centre",
    "pricerange": "expensive",
    "type": "restaurant"
  },
  {
    "name": "سيرافينا دبي",
    "food": "italian",
    "address": "سوق البحار - وسط مدينة دبي",
    "id": 45,
    "postcode": "00000",
    "phone": "43638447",
    "area": "centre",
    "pricerange": "expensive",
    "type": "restaurant"
  },
  {
    "name": "سومو سوشي أند بينتو",
    "food": "japanese",
    "address": "مجمع المروج - المركز التجاري",
    "id": 46,
    "postcode": "00000",
    "phone": "43888868",
    "area": "centre",
    "pricerange": "expensive",
    "type": "restaurant"
  },
  {
    "name": "سونامو",
    "food": "korean",
    "address": "فندق آسيانا - شارع صلاح الدين",
    "id": 47,
    "postcode": "00000",
    "phone": "42387777",
    "area": "centre",
    "pricerange": "expensive",
    "type": "restaurant"
  },
  {
    "name": "دهب",
    "food": "mediterranean",
    "address": "بوليفارد الشيخ محمد بن راشد - وسط مدينة دبي",
    "id": 48,
    "postcode": "00000",
    "phone": "562861910",
    "area": "centre",
    "pricerange": "expensive",
    "type": "restaurant"
  },
  {
    "name": "زهر الليمون",
    "food": "mediterranean",
    "address": "سوق البحار الطابق 2 - وسط مدينة دبي",
    "id": 49,
    "postcode": "00000",
    "phone": "42423366",
    "area": "centre",
    "pricerange": "expensive",
    "type": "restaurant"
  },
  {
    "name": "جايا",
    "food": "modern european",
    "address": "شارع 4 - المركز التجاري",
    "id": 50,
    "postcode": "00000",
    "phone": "42414242",
    "area": "centre",
    "pricerange": "expensive",
    "type": "restaurant"
  },
  {
    "name": "شيك شاك",
    "food": "north american",
    "address": "دبي مول الطابق 1 قرب الشلال",
    "id": 51,
    "postcode": "00000",
    "phone": "44190370",
    "area": "centre",
    "pricerange": "expensive",
    "type": "restaurant"
  },
  {
    "name": "جورميه السمك",
    "food": "seafood",
    "address": "سوق جميرا للأسماك",
    "id": 52,
    "postcode": "00000",
    "phone": "503026060",
    "area": "centre",
    "pricerange": "expensive",
    "type": "restaurant"
  },
  {
    "name": "مطعم بينجارونغ التايلندي",
    "food": "thai",
    "address": "فندق دوسيت ثاني دبي - شارع الشيخ زايد - المركز التجاري",
    "id": 53,
    "postcode": "00000",
    "phone": "549908007",
    "area": "centre",
    "pricerange": "expensive",
    "type": "restaurant"
  },
  {
    "name": "جونايدن",
    "food": "turkish",
    "address": "سوق البحار - وسط مدينة دبي",
    "id": 54,
    "postcode": "00000",
    "phone": "45540700",
    "area": "centre",
    "pricerange": "expensive",
    "type": "restaurant"
  },
  {
    "name": "ريد لايون",
    "food": "british",
    "address": "فندق متروبولتان - ام الشيف",
    "id": 55,
    "postcode": "00000",
    "phone": "43430000",
    "area": "east",
    "pricerange": "expensive",
    "type": "restaurant"
  },
  {
    "name": "مطعم بحر صيني",
    "food": "chinese",
    "address": "شارع المكتوم - ديرة",
    "id": 56,
    "postcode": "00000",
    "phone": "42959816",
    "area": "east",
    "pricerange": "expensive",
    "type": "restaurant"
  },
  {
    "name": "أصيلة",
    "food": "arab",
    "address": "فندق راديسون بلو ديرة، خور دبي",
    "id": 57,
    "postcode": "00000",
    "phone": "42057033",
    "area": "east",
    "pricerange": "expensive",
    "type": "restaurant"
  },
  {
    "name": "قصر الهند القرهود",
    "food": "indian",
    "address": "بناية الهدى  - القرهود‎",
    "id": 58,
    "postcode": "00000",
    "phone": "42869600",
    "area": "east",
    "pricerange": "expensive",
    "type": "restaurant"
  },
  {
    "name": "بيبرميل",
    "food": "indian",
    "address": "دبي فيستيفال سيتي مول الطابق 1",
    "id": 59,
    "postcode": "00000",
    "phone": "45917155",
    "area": "east",
    "pricerange": "expensive",
    "type": "restaurant"
  },
  {
    "name": "وايت أوركيد",
    "food": "asian oriental",
    "address": "جبل علي - منطقة جبل علي الحرة",
    "id": 60,
    "postcode": "00000",
    "phone": "48145604",
    "area": "north",
    "pricerange": "expensive",
    "type": "restaurant"
  },
  {
    "name": "شونغكينغ لو ييشو",
    "food": "chinese",
    "address": "شارع الشراع - ديرة - الرقة",
    "id": 61,
    "postcode": "00000",
    "phone": "42293380",
    "area": "north",
    "pricerange": "expensive",
    "type": "restaurant"
  },
  {
    "name": "اكسووي ينغ انترناشيونال",
    "food": "chinese",
    "address": "شارع بني ياس - ديرة",
    "id": 62,
    "postcode": "00000",
    "phone": "42215111",
    "area": "north",
    "pricerange": "expensive",
    "type": "restaurant"
  },
  {
    "name": "كانتين دو فوبورج",
    "food": "european",
    "address": "أبراج الإمارات الطابق 1 - المركز التجاري الثانية",
    "id": 63,
    "postcode": "00000",
    "phone": "43527105",
    "area": "north",
    "pricerange": "expensive",
    "type": "restaurant"
  },
  {
    "name": "مطعم ومخبز بول",
    "food": "french",
    "address": "مدينة مهرجان دبي",
    "id": 64,
    "postcode": "00000",
    "phone": "42881462",
    "area": "north",
    "pricerange": "expensive",
    "type": "restaurant"
  },
  {
    "name": "ناين سكويرز",
    "food": "chinese",
    "address": "شارع 602 جميرا - ام سقيم - جميرا 3",
    "id": 65,
    "postcode": "00000",
    "phone": "45910665",
    "area": "south",
    "pricerange": "expensive",
    "type": "restaurant"
  },
  {
    "name": "آسيا كيتشين باي مينلاند تشاينا",
    "food": "chinese",
    "address": "شارع خالد بن الوليد - المنخول",
    "id": 66,
    "postcode": "00000",
    "phone": "42938222",
    "area": "south",
    "pricerange": "expensive",
    "type": "restaurant"
  },
  {
    "name": "انابورنا",
    "food": "indian",
    "address": "شارع أبو بكر الصديق - ديرة",
    "id": 67,
    "postcode": "00000",
    "phone": "42977720",
    "area": "south",
    "pricerange": "expensive",
    "type": "restaurant"
  },
  {
    "name": "مطعم ال فورنو",
    "food": "italian",
    "address": "مركز الغرير - ديرة",
    "id": 68,
    "postcode": "00000",
    "phone": "564905172",
    "area": "south",
    "pricerange": "expensive",
    "type": "restaurant"
  },
  {
    "name": "جولز",
    "food": "mexican",
    "address": "فندق ومركز مؤتمرات لو ميريديان دبي - القرهود‎",
    "id": 69,
    "postcode": "00000",
    "phone": "47022455",
    "area": "south",
    "pricerange": "expensive",
    "type": "restaurant"
  },
  {
    "name": "دبلينرز",
    "food": "british",
    "address": "شارع المطار - القرهود‎",
    "id": 70,
    "postcode": "00000",
    "phone": "47022508",
    "area": "west",
    "pricerange": "expensive",
    "type": "restaurant"
  },
  {
    "name": "ذا بوب",
    "food": "british",
    "address": "فندق راديسون بلو ديرة، خور دبي ",
    "id": 71,
    "postcode": "00000",
    "phone": "42057033",
    "area": "west",
    "pricerange": "expensive",
    "type": "restaurant"
  },
  {
    "name": "مطعم نامووس",
    "food": "european",
    "address": "منتجع فور سيزونز دبي جميرا بيتش",
    "id": 72,
    "postcode": "00000",
    "phone": "581210000",
    "area": "west",
    "pricerange": "expensive",
    "type": "restaurant"
  },
  {
    "name": "بورنمل",
    "food": "indian",
    "address": "بناية عبيد الله الطابق الأرضي - المرقبات - ديرة",
    "id": 73,
    "postcode": "00000",
    "phone": "42946511",
    "area": "west",
    "pricerange": "expensive",
    "type": "restaurant"
  },
  {
    "name": "تلاشيري ستار",
    "food": "indian",
    "address": "شارع المصلى - طريق 14أ - المرر‎",
    "id": 74,
    "postcode": "00000",
    "phone": "42724033",
    "area": "west",
    "pricerange": "expensive",
    "type": "restaurant"
  },
  {
    "name": "بيكانيروالا",
    "food": "indian",
    "address": "مركز الغرير - ديرة",
    "id": 75,
    "postcode": "00000",
    "phone": "42590404",
    "area": "west",
    "pricerange": "expensive",
    "type": "restaurant"
  },
  {
    "name": "كباب بومباي",
    "food": "indian",
    "address": "فندق تايم سكوير - نايف‎ قرب",
    "id": 76,
    "postcode": "00000",
    "phone": "503941786",
    "area": "west",
    "pricerange": "expensive",
    "type": "restaurant"
  },
  {
    "name": "ديسي فليج",
    "food": "indian",
    "address": "بناية قرهود فيوز - القرهود‎",
    "id": 77,
    "postcode": "00000",
    "phone": "521001986",
    "area": "west",
    "pricerange": "expensive",
    "type": "restaurant"
  },
  {
    "name": "ذا تاي كيتشن",
    "food": "thai",
    "address": "فندق بارك حياة دبي - ميناء سعيد",
    "id": 78,
    "postcode": "00000",
    "phone": "43244100",
    "area": "west",
    "pricerange": "expensive",
    "type": "restaurant"
  },
  {
    "name": "جولدن دراجن",
    "food": "asian oriental",
    "address": "شارع 13 عود ميثاء متفرع من طريق أم هرير",
    "id": 79,
    "postcode": "00000",
    "phone": "43577022",
    "area": "centre",
    "pricerange": "moderate",
    "type": "restaurant"
  },
  {
    "name": "جورميه برجر كيتشن",
    "food": "british",
    "address": "ممشى الرخام - مبنى 5 المركز التجاري",
    "id": 80,
    "postcode": "00000",
    "phone": "44250189",
    "area": "centre",
    "pricerange": "moderate",
    "type": "restaurant"
  },
  {
    "name": "تينغايري",
    "food": "british",
    "address": "سوق المنزل - بوليفارد الشيخ محمد بن راشد",
    "id": 81,
    "postcode": "00000",
    "phone": "45575601",
    "area": "centre",
    "pricerange": "moderate",
    "type": "restaurant"
  },
  {
    "name": "فايبر ماجيز",
    "food": "british",
    "address": "المركز التجاري الأولي - شارع الشيخ زايد",
    "id": 82,
    "postcode": "00000",
    "phone": "43322400",
    "area": "centre",
    "pricerange": "moderate",
    "type": "restaurant"
  },
  {
    "name": "ذا ستيبلز",
    "food": "british",
    "address": "برج التاج الابيض الطابق الأول والثاني - شارع الشيخ زايد",
    "id": 83,
    "postcode": "00000",
    "phone": "544177028",
    "area": "centre",
    "pricerange": "moderate",
    "type": "restaurant"
  },
  {
    "name": "المطبخ الصيني",
    "food": "chinese",
    "address": "شارع الوصل - جميرا 3",
    "id": 84,
    "postcode": "00000",
    "phone": "43943864",
    "area": "centre",
    "pricerange": "moderate",
    "type": "restaurant"
  },
  {
    "name": "تشن تشن الحضيبة",
    "food": "chinese",
    "address": "بناية العويس  - شارع الميناء - الحضيبة",
    "id": 85,
    "postcode": "00000",
    "phone": "80024462446",
    "area": "centre",
    "pricerange": "moderate",
    "type": "restaurant"
  },
  {
    "name": "مطعم لان كوي فونك بيكنغ دوك",
    "food": "chinese",
    "address": "مقابل فندق موفنبيك - عود ميثاء",
    "id": 86,
    "postcode": "00000",
    "phone": "43353680",
    "area": "centre",
    "pricerange": "moderate",
    "type": "restaurant"
  },
  {
    "name": "بيريز بيسترو اند بار",
    "food": "european",
    "address":"فندق انتركونتيننتال - مدينة مهرجان دبي",
    "id": 87,
    "postcode": "00000",
    "phone": "47011199",
    "area": "centre",
    "pricerange": "moderate",
    "type": "restaurant"
  },
  {
    "name": "مطعم كويرتي",
    "food": "european",
    "address": "فندق ميديا ون - مدينة دبي للإعلام",
    "id": 88,
    "postcode": "00000",
    "phone": "44271000",
    "area": "centre",
    "pricerange": "moderate",
    "type": "restaurant"
  },
  {
    "name": "مطعم أواني",
    "food": "arab",
    "address": "ذا بييتش - مساكن شاطئ جميرا",
    "id": 89,
    "postcode": "00000",
    "phone": "44248082",
    "area": "centre",
    "pricerange": "moderate",
    "type": "restaurant"
  },
  {
    "name": "صب واي",
    "food": "international",
    "address": "ليبرتي هاوس الطابق الأرضي - المركز التجاري",
    "id": 90,
    "postcode": "00000",
    "phone": "43589925",
    "area": "centre",
    "pricerange": "moderate",
    "type": "restaurant"
  },
  {
    "name": "كافيه بتيل",
    "food": "international",
    "address": "مبنى 2 - مركز دبي التجاري العالمي",
    "id": 91,
    "postcode": "00000",
    "phone": "43700404",
    "area": "centre",
    "pricerange": "moderate",
    "type": "restaurant"
  },
  {
    "name": "إيتالي",
    "food": "italian",
    "address": "دبي مول",
    "id": 92,
    "postcode": "00000",
    "phone": "43308899",
    "area": "centre",
    "pricerange": "moderate",
    "type": "restaurant"
  },
  {
    "name": "بروكلي بيتزا وباستا",
    "food": "italian",
    "address": "برج صحارى - شارع الشيخ زايد - المركز التجاري الأولي",
    "id": 93,
    "postcode": "00000",
    "phone": "42253822",
    "area": "centre",
    "pricerange": "moderate",
    "type": "restaurant"
  },
  {
    "name": "بيبابل",
    "food": "lebanese",
    "address": "دبي مول - شارع المركز المالي ",
    "id": 94,
    "postcode": "00000",
    "phone": "44190950",
    "area": "centre",
    "pricerange": "moderate",
    "type": "restaurant"
  },
  {
    "name": "مطعم ومقهى نوراي",
    "food": "modern european",
    "address": "الخليج التجاري",
    "id": 95,
    "postcode": "00000",
    "phone": "43679980",
    "area": "centre",
    "pricerange": "moderate",
    "type": "restaurant"
  },
  {
    "name": "مطعم كافتان",
    "food": "modern european",
    "address": "جميرا ١",
    "id": 96,
    "postcode": "00000",
    "phone": "43446288",
    "area": "centre",
    "pricerange": "moderate",
    "type": "restaurant"
  },
  {
    "name": "سيفيل",
    "food": "spanish",
    "address": "مقابل مدخل وافي مول الرئيسي - شارع عود ميثاء - أم هرير 2",
    "id": 97,
    "postcode": "00000",
    "phone": "43244100",
    "area": "centre",
    "pricerange": "moderate",
    "type": "restaurant"
  },
  {
    "name": "مطعم زهرة اسطنبول",
    "food": "turkish",
    "address": "مركز سيفستوي للتسوق - شارع الشيخ زايد - الوصل‎",
    "id": 98,
    "postcode": "00000",
    "phone": "43434585",
    "area": "centre",
    "pricerange": "moderate",
    "type": "restaurant"
  },
  {
    "name": "مطعم بسبورس",
    "food": "turkish",
    "address": "دبي مول الطابق السفلي",
    "id": 99,
    "postcode": "00000",
    "phone": "43808090",
    "area": "centre",
    "pricerange": "moderate",
    "type": "restaurant"
  },
  {
    "name": "غازيبو",
    "food": "indian",
    "address": "سيتي سنتر ديرة - ميناء سعيد",
    "id": 100,
    "postcode": "00000",
    "phone": "42566999",
    "area": "east",
    "pricerange": "moderate",
    "type": "restaurant"
  },
  {
    "name": "جراب شاك",
    "food": "indian",
    "address": "بناية 41 - شارع مدينة دبي الطبية - أم هرير 2",
    "id": 101,
    "postcode": "00000",
    "phone": "42865156",
    "area": "east",
    "pricerange": "moderate",
    "type": "restaurant"
  },
  {
    "name": "مطعم كواترو",
    "food": "italian",
    "address": "بناية الرفاعة - شارع الكويت - الرفاعة C",
    "id": 102,
    "postcode": "00000",
    "phone": "43931233",
    "area": "east",
    "pricerange": "moderate",
    "type": "restaurant"
  },
  {
    "name": "شينشاوس",
    "food": "chinese",
    "address": "4 شارع 4A - الكرامة",
    "id": 103,
    "postcode": "00000",
    "phone": "43575250",
    "area": "north",
    "pricerange": "moderate",
    "type": "restaurant"
  },
  {
    "name": "اشيانا",
    "food": "indian",
    "address": "فندق شيراتون خور دبي - ميناء سعيد",
    "id": 104,
    "postcode": "00000",
    "phone": "42071733",
    "area": "north",
    "pricerange": "moderate",
    "type": "restaurant"
  },
  {
    "name": "فيكولو",
    "food": "italian",
    "address": "بناية 4 - حي دبي للتصميم",
    "id": 105,
    "postcode": "00000",
    "phone": "508004841",
    "area": "south",
    "pricerange": "moderate",
    "type": "restaurant"
  },
  {
    "name": "21غرامز",
    "food": "modern european",
    "address": "ميان مول الطابق 2 - شارع الثنيه",
    "id": 106,
    "postcode": "00000",
    "phone": "508415021",
    "area": "south",
    "pricerange": "moderate",
    "type": "restaurant"
  },
  {
    "name": "دكان برجر",
    "food": "british",
    "address": "قرب القنصلية البريطانية - شارع السيف - الحمرية",
    "id": 107,
    "postcode": "00000",
    "phone": "43240167",
    "area": "west",
    "pricerange": "moderate",
    "type": "restaurant"
  },
  {
    "name": "ممتاز محل",
    "food": "indian",
    "address": "فندق وسبا أربيان كورت يارد - شارع الفهيدي",
    "id": 108,
    "postcode": "00000",
    "phone": "505527139",
    "area": "west",
    "pricerange": "moderate",
    "type": "restaurant"
  },
  {
    "name": "مطعم كابري مشويات ايطالية",
    "food": "italian",
    "address": "مركز دبي التجاري للشقق الفندقية - شارع الشيخ زايد",
    "id": 109,
    "postcode": "00000",
    "phone": "43314505",
    "area": "west",
    "pricerange": "moderate",
    "type": "restaurant"
  }
]