[
    {
        "name": "Addenbrookes Hospital",
        "address": "hills rd , cambridge",
        "post": "cb20qq",
        "department": "neurosciences critical care unit",
        "id": 0,
        "phone": "01223216297"
    },
    {
        "name": "Addenbrookes Hospital",
        "address": "hills rd , cambridge",
        "post": "cb20qq",
        "department": "trauma high dependency unit",
        "id": 1,
        "phone": "01223216305"
    },
    {
        "name": "Addenbrookes Hospital",
        "address": "hills rd , cambridge",
        "post": "cb20qq",
        "department": "neurology neurosurgery",
        "id": 2,
        "phone": "01223217216"
    },
    {
        "name": "Addenbrookes Hospital",
        "address": "hills rd , cambridge",
        "post": "cb20qq",
        "department": "oncology neurosurgery",
        "id": 3,
        "phone": "01223216314"
    },
    {
        "name": "Addenbrookes Hospital",
        "address": "hills rd , cambridge",
        "post": "cb20qq",
        "department": "children's oncology and haematology",
        "id": 4,
        "phone": "01223217231"
    },
    {
        "name": "Addenbrookes Hospital",
        "address": "hills rd , cambridge",
        "post": "cb20qq",
        "department": "children's surgical and medicine",
        "id": 5,
        "phone": "01223217450"
    },
    {
        "name": "Addenbrookes Hospital",
        "address": "hills rd , cambridge",
        "post": "cb20qq",
        "department": "acute medicine for the elderly",
        "id": 6,
        "phone": "01223217261"
    },
    {
        "name": "Addenbrookes Hospital",
        "address": "hills rd , cambridge",
        "post": "cb20qq",
        "department": "general medicine and nephrology",
        "id": 7,
        "phone": "01223217195"
    },
    {
        "name": "Addenbrookes Hospital",
        "address": "hills rd , cambridge",
        "post": "cb20qq",
        "department": "medicine for the elderly",
        "id": 8,
        "phone": "01223216988"
    },
    {
        "name": "Addenbrookes Hospital",
        "address": "hills rd , cambridge",
        "post": "cb20qq",
        "department": "hepatobillary and gastrointestinal surgery regional referral centre",
        "id": 9,
        "phone": "01223217300"
    },
    {
        "name": "Addenbrookes Hospital",
        "address": "hills rd , cambridge",
        "post": "cb20qq",
        "department": "trauma and orthopaedics",
        "id": 10,
        "phone": "01223217279"
    },
    {
        "name": "Addenbrookes Hospital",
        "address": "hills rd , cambridge",
        "post": "cb20qq",
        "department": "teenage cancer trust unit",
        "id": 11,
        "phone": "01223274222"
    },
    {
        "name": "Addenbrookes Hospital",
        "address": "hills rd , cambridge",
        "post": "cb20qq",
        "department": "haematology and haematological oncology",
        "id": 12,
        "phone": "01223217312"
    },
    {
        "name": "Addenbrookes Hospital",
        "address": "hills rd , cambridge",
        "post": "cb20qq",
        "department": "children's surgical and medicine",
        "id": 13,
        "phone": "01223217250"
    },
    {
        "name": "Addenbrookes Hospital",
        "address": "hills rd , cambridge",
        "post": "cb20qq",
        "department": "intermediate dependancy area",
        "id": 14,
        "phone": "01223348144"
    },
    {
        "name": "Addenbrookes Hospital",
        "address": "hills rd , cambridge",
        "post": "cb20qq",
        "department": "hepatology",
        "id": 15,
        "phone": "01223217712"
    },
    {
        "name": "Addenbrookes Hospital",
        "address": "hills rd , cambridge",
        "post": "cb20qq",
        "department": "haematology",
        "id": 16,
        "phone": "01223274679"
    },
    {
        "name": "Addenbrookes Hospital",
        "address": "hills rd , cambridge",
        "post": "cb20qq",
        "department": "neurology",
        "id": 17,
        "phone": "01223274680"
    },
    {
        "name": "Addenbrookes Hospital",
        "address": "hills rd , cambridge",
        "post": "cb20qq",
        "department": "surgery",
        "id": 18,
        "phone": "01223217303"
    },
    {
        "name": "Addenbrookes Hospital",
        "address": "hills rd , cambridge",
        "post": "cb20qq",
        "department": "trauma and orthopaedics",
        "id": 19,
        "phone": "01223217282"
    },
    {
        "name": "Addenbrookes Hospital",
        "address": "hills rd , cambridge",
        "post": "cb20qq",
        "department": "oncology",
        "id": 20,
        "phone": "01223217708"
    },
    {
        "name": "Addenbrookes Hospital",
        "address": "hills rd , cambridge",
        "post": "cb20qq",
        "department": "infectious diseases",
        "id": 21,
        "phone": "01223217314"
    },
    {
        "name": "Addenbrookes Hospital",
        "address": "hills rd , cambridge",
        "post": "cb20qq",
        "department": "haematology day unit",
        "id": 22,
        "phone": "01223348169"
    },
    {
        "name": "Addenbrookes Hospital",
        "address": "hills rd , cambridge",
        "post": "cb20qq",
        "department": "clinical decisions unit",
        "id": 23,
        "phone": "01223596203"
    },
    {
        "name": "Addenbrookes Hospital",
        "address": "hills rd , cambridge",
        "post": "cb20qq",
        "department": "acute medical assessment unit",
        "id": 24,
        "phone": "01223348314"
    },
    {
        "name": "Addenbrookes Hospital",
        "address": "hills rd , cambridge",
        "post": "cb20qq",
        "department": "medical short stay unit",
        "id": 25,
        "phone": "01223348336"
    },
    {
        "name": "Addenbrookes Hospital",
        "address": "hills rd , cambridge",
        "post": "cb20qq",
        "department": "inpatient occupational therapy",
        "id": 26,
        "phone": "01223216881"
    },
    {
        "name": "Addenbrookes Hospital",
        "address": "hills rd , cambridge",
        "post": "cb20qq",
        "department": "paediatric day unit",
        "id": 27,
        "phone": "01223217567"
    },
    {
        "name": "Addenbrookes Hospital",
        "address": "hills rd , cambridge",
        "post": "cb20qq",
        "department": "paediatric clinic",
        "id": 28,
        "phone": "01223348313"
    },
    {
        "name": "Addenbrookes Hospital",
        "address": "hills rd , cambridge",
        "post": "cb20qq",
        "department": "medicine for the elderly",
        "id": 29,
        "phone": "01223274744"
    },
    {
        "name": "Addenbrookes Hospital",
        "address": "hills rd , cambridge",
        "post": "cb20qq",
        "department": "transplant high dependency unit",
        "id": 30,
        "phone": "01223216811"
    },
    {
        "name": "Addenbrookes Hospital",
        "address": "hills rd , cambridge",
        "post": "cb20qq",
        "department": "diabetes and endocrinology",
        "id": 31,
        "phone": "01223217323"
    },
    {
        "name": "Addenbrookes Hospital",
        "address": "hills rd , cambridge",
        "post": "cb20qq",
        "department": "infusion services",
        "id": 32,
        "phone": "01223586967"
    },
    {
        "name": "Addenbrookes Hospital",
        "address": "hills rd , cambridge",
        "post": "cb20qq",
        "department": "medicine for the elderly",
        "id": 33,
        "phone": "01223217484"
    },
    {
        "name": "Addenbrookes Hospital",
        "address": "hills rd , cambridge",
        "post": "cb20qq",
        "department": "medicine for the elderly",
        "id": 34,
        "phone": "01223217498"
    },
    {
        "name": "Addenbrookes Hospital",
        "address": "hills rd , cambridge",
        "post": "cb20qq",
        "department": "transplant unit",
        "id": 35,
        "phone": "01223217711"
    },
    {
        "name": "Addenbrookes Hospital",
        "address": "hills rd , cambridge",
        "post": "cb20qq",
        "department": "medicine for the elderly",
        "id": 36,
        "phone": "01223217428"
    },
    {
        "name": "Addenbrookes Hospital",
        "address": "hills rd , cambridge",
        "post": "cb20qq",
        "department": "theatre admissions unit",
        "id": 37,
        "phone": "01223256583"
    },
    {
        "name": "Addenbrookes Hospital",
        "address": "hills rd , cambridge",
        "post": "cb20qq",
        "department": "cardiology",
        "id": 38,
        "phone": "01223256233"
    },
    {
        "name": "Addenbrookes Hospital",
        "address": "hills rd , cambridge",
        "post": "cb20qq",
        "department": "major trauma unit",
        "id": 39,
        "phone": "01223349881"
    },
    {
        "name": "Addenbrookes Hospital",
        "address": "hills rd , cambridge",
        "post": "cb20qq",
        "department": "cardiology and coronary care unit",
        "id": 40,
        "phone": "01223256459"
    },
    {
        "name": "Addenbrookes Hospital",
        "address": "hills rd , cambridge",
        "post": "cb20qq",
        "department": "colorectal surgery",
        "id": 41,
        "phone": "01223348545"
    },
    {
        "name": "Addenbrookes Hospital",
        "address": "hills rd , cambridge",
        "post": "cb20qq",
        "department": "plastic and vascular surgery plastics",
        "id": 42,
        "phone": "01223274280"
    },
    {
        "name": "Addenbrookes Hospital",
        "address": "hills rd , cambridge",
        "post": "cb20qq",
        "department": "gastroenterology",
        "id": 43,
        "phone": "01223274284"
    },
    {
        "name": "Addenbrookes Hospital",
        "address": "hills rd , cambridge",
        "post": "cb20qq",
        "department": "oral and maxillofacial surgery and ent",
        "id": 44,
        "phone": "01223348527"
    },
    {
        "name": "Addenbrookes Hospital",
        "address": "hills rd , cambridge",
        "post": "cb20qq",
        "department": "urology",
        "id": 45,
        "phone": "01223256650"
    },
    {
        "name": "Addenbrookes Hospital",
        "address": "hills rd , cambridge",
        "post": "cb20qq",
        "department": "respiratory medicine",
        "id": 46,
        "phone": "01223256645"
    },
    {
        "name": "Addenbrookes Hospital",
        "address": "hills rd , cambridge",
        "post": "cb20qq",
        "department": "lewin stroke and rehabilitation unit",
        "id": 47,
        "phone": "01223274750"
    },
    {
        "name": "Addenbrookes Hospital",
        "address": "hills rd , cambridge",
        "post": "cb20qq",
        "department": "neurosciences",
        "id": 48,
        "phone": "01223216348"
    },
    {
        "name": "Addenbrookes Hospital",
        "address": "hills rd , cambridge",
        "post": "cb20qq",
        "department": "psychiatry",
        "id": 49,
        "phone": "01223596201"
    },
    {
        "name": "Addenbrookes Hospital",
        "address": "hills rd , cambridge",
        "post": "cb20qq",
        "department": "emergency department",
        "id": 50,
        "phone": "01223217118"
    },
    {
        "name": "Addenbrookes Hospital",
        "address": "hills rd , cambridge",
        "post": "cb20qq",
        "department": "cambridge eye unit",
        "id": 51,
        "phone": "01223257168"
    },
    {
        "name": "Addenbrookes Hospital",
        "address": "hills rd , cambridge",
        "post": "cb20qq",
        "department": "clinical investigation ward",
        "id": 52,
        "phone": "01223586706"
    },
    {
        "name": "Addenbrookes Hospital",
        "address": "hills rd , cambridge",
        "post": "cb20qq",
        "department": "clinical research facility",
        "id": 53,
        "phone": "01223596055"
    },
    {
        "name": "Addenbrookes Hospital",
        "address": "hills rd , cambridge",
        "post": "cb20qq",
        "department": "coronary care unit",
        "id": 54,
        "phone": "01223217297"
    },
    {
        "name": "Addenbrookes Hospital",
        "address": "hills rd , cambridge",
        "post": "cb20qq",
        "department": "intermediate dependency area",
        "id": 55,
        "phone": "01223217873"
    },
    {
        "name": "Addenbrookes Hospital",
        "address": "hills rd , cambridge",
        "post": "cb20qq",
        "department": "medical decisions unit",
        "id": 56,
        "phone": "01223596066"
    },
    {
        "name": "Addenbrookes Hospital",
        "address": "hills rd , cambridge",
        "post": "cb20qq",
        "department": "paediatric intensive care unit",
        "id": 57,
        "phone": "01223217715"
    },
    {
        "name": "Addenbrookes Hospital",
        "address": "hills rd , cambridge",
        "post": "cb20qq",
        "department": "paediatric day unit",
        "id": 58,
        "phone": "01223257157"
    },
    {
        "name": "Addenbrookes Hospital",
        "address": "hills rd , cambridge",
        "post": "cb20qq",
        "department": "john farman intensive care unit",
        "id": 59,
        "phone": "01223256166"
    },
    {
        "name": "Addenbrookes Hospital",
        "address": "hills rd , cambridge",
        "post": "cb20qq",
        "department": "delivery unit",
        "id": 60,
        "phone": "01223217217"
    },
    {
        "name": "Addenbrookes Hospital",
        "address": "hills rd , cambridge",
        "post": "cb20qq",
        "department": "postnatal",
        "id": 61,
        "phone": "01223217667"
    },
    {
        "name": "Addenbrookes Hospital",
        "address": "hills rd , cambridge",
        "post": "cb20qq",
        "department": "neonatal unit",
        "id": 62,
        "phone": "01223217678"
    },
    {
        "name": "Addenbrookes Hospital",
        "address": "hills rd , cambridge",
        "post": "cb20qq",
        "department": "antenatal",
        "id": 63,
        "phone": "01223217671"
    },
    {
        "name": "Addenbrookes Hospital",
        "address": "hills rd , cambridge",
        "post": "cb20qq",
        "department": "transitional care",
        "id": 64,
        "phone": "01223254668"
    },
    {
        "name": "Addenbrookes Hospital",
        "address": "hills rd , cambridge",
        "post": "cb20qq",
        "department": "gynaecology",
        "id": 65,
        "phone": "01223257206"
    }
]
