[
{
"address": "Türközü Mahallesi 398.Cadde No:4 Mamak",
"area": "east",
"entrance fee": "?",
"id": "1",
"name": "Mamak Belediyesi Yüzme Havuzu",
"phone": "3123655331",
"postcode": "06630",
"pricerange": "?",
"type": "swimmingpool"
},
{
"address": "Remzi Oğuz Arık Mahallesi, Tunus Cd. No:92",
"area": "centre",
"entrance fee": "?",
"id": "2",
"name": "Şinasi Sahnesi",
"phone": "3124671744",
"postcode": "06680",
"pricerange": "?",
"type": "theatre"
},
{
"address": "Üniversiteler, Dumlupınar Blv. 1/6 D:133",
"area": "centre",
"entrance fee": "free",
"id": "3",
"name": "Orta Doğu Teknik Üniversitesi",
"phone": "3122102000",
"postcode": "06800",
"pricerange": "free",
"type": "college"
},
{
"address": "Bilkent Station, Üniversiteler Mah. 1597.Caddesi, Bilkent Blv. No:3/73",
"area": "centre",
"entrance fee": "20 TL",
"id": "4",
"name": "Sess Plus Bilkent",
"phone": "5321385582",
"postcode": "06800",
"pricerange": "moderate",
"type": "nightclub"
},
{
"address": "Hacettepe, Kale, Depo Sokak No:1",
"area": "centre",
"entrance fee": "free",
"id": "5",
"name": "Rahmi M. Koç Müzesi",
"phone": "3123096800",
"postcode": "06230",
"pricerange": "free",
"type": "museum"
},
{
"address": "Çankaya, Şht. Ersan Cd. No: 14",
"area": "south",
"entrance fee": "free",
"id": "6",
"name": "Pembe Köşk",
"phone": "3124281841",
"postcode": "06690",
"pricerange": "free",
"type": "museum"
},
{
"address": "Ahlatlıbel Beytepe, Incek Şht. Savcı Mehmet Selim Kiraz Blv",
"area": "west",
"entrance fee": "free",
"id": "7",
"name": "Jandarma Müzesi",
"phone": "3124644168",
"postcode": "06805",
"pricerange": "free",
"type": "museum"
},
{
"address": "Karapürçek Mahallesi 2. Cad. No: 40",
"area": "east",
"entrance fee": "?",
"id": "8",
"name": "Altındağ Belediyesi Su Parkı Tesisleri",
"phone": "3123771687",
"postcode": "06165",
"pricerange": "?",
"type": "waterpark"
},
{
"address": "Emniyet İncitaşı Sok. Ankara Üniversitesi Beşevler 10. Yıl Yerleşkesi",
"area": "west",
"entrance fee": "15 TL",
"id": "9",
"name": "Ankara Üniversitesi Oyuncak Müzesi",
"phone": "3123623332",
"postcode": "06560",
"pricerange": "moderate",
"type": "museum"
},
{
"address": "Anafartalar, Vakıf Apt 8 İstiklal Cad., Çirman Sokak, Ulus",
"area": "centre",
"entrance fee": "?",
"id": "10",
"name": "Küçük Tiyatro",
"phone": "3123111169",
"postcode": "06050",
"pricerange": "?",
"type": "theatre"
},
{
"address": "8 Sakarya Mahallesi",
"area": "east",
"entrance fee": "free",
"id": "11",
"name": "Somut Olmayan Kültürel Miras Müzesi",
"phone": "3123095644",
"postcode": "06230",
"pricerange": "free",
"type": "museum"
},
{
"address": "12. Km, İstanbul Yolu, Etimesgut",
"area": "west",
"entrance fee": "free",
"id": "12",
"name": "Türk Hava Kuvvetleri Müzesi",
"phone": "3122448550",
"postcode": "06500",
"pricerange": "free",
"type": "museum"
},
{
"address": "Hacettepe, Türkocağı Sk. Altındağ",
"area": "centre",
"entrance fee": "free",
"id": "13",
"name": "Ankara Resim ve Heykel Müzesi",
"phone": "3123102095",
"postcode": "06230",
"pricerange": "free",
"type": "museum"
},
{
"address": "Beşikkaya, 2022. Sk",
"area": "east",
"entrance fee": "60 TL",
"id": "14",
"name": "Altınköy Açık Hava Müzesi",
"phone": "3125751588",
"postcode": "06230",
"pricerange": "expensive",
"type": "museum"
},
{
"address": "Fidanlık, Prof. Dr. Nusret Fişek Caddesi No:39",
"area": "centre",
"entrance fee": "5 TL",
"id": "15",
"name": "Kurtuluş Parkı",
"phone": "3124588900",
"postcode": "06420",
"pricerange": "moderate",
"type": "park"
},
{
"address": "Hacettepe, 06230 Altındağ",
"area": "centre",
"entrance fee": "free",
"id": "16",
"name": "Etnoğrafya Müzesi",
"phone": "3123113007",
"postcode": "06230",
"pricerange": "free",
"type": "museum"
},
{
"address": "Büyükesat, Uğur Mumcu Cd. No 34",
"area": "east",
"entrance fee": "?",
"id": "17",
"name": "Grande Live Music",
"phone": "5494472633",
"postcode": "06000",
"pricerange": "?",
"type": "entertainment"
},
{
"address": "50. Yıl, 104. Sk. No:1",
"area": "east",
"entrance fee": "free",
"id": "18",
"name": "50. Yıl Parkı",
"phone": "3125071000",
"postcode": "06590",
"pricerange": "free",
"type": "park"
},
{
"address": "Yücetepe, Akdeniz Cd. No:31",
"area": "centre",
"entrance fee": "free",
"id": "19",
"name": "Anıtkabir",
"phone": "3122311861",
"postcode": "06570",
"pricerange": "free",
"type": "architecture"
},
{
"address": "Yassıhüyük, Yassıhöyük Köyü, Polatlı",
"area": "west",
"entrance fee": "free",
"id": "20",
"name": "Gordion Antik Kenti",
"phone": "3126382188",
"postcode": "06900",
"pricerange": "free",
"type": "architecture"
},
{
"address": "Oran, Turan Güneş Blv. Panora Avm D:No:182 / 212",
"area": "south",
"entrance fee": "?",
"id": "21",
"name": "cinemaximum panora",
"phone": "8502200967",
"postcode": "06450",
"pricerange": "?",
"type": "cinema"
},
{
"address": "Güçlükaya Mh, Fatih Cd. Keçiören",
"area": "west",
"entrance fee": "15 TL",
"id": "22",
"name": "Estergon Kalesi Türk Kültür Merkezi",
"phone": "3123587375",
"postcode": "06280",
"pricerange": "moderate",
"type": "architecture"
},
{
"address": "Dereköy, Haymana",
"area": "west",
"entrance fee": "free",
"id": "23",
"name": "Gavurkale",
"phone": "3126581007",
"postcode": "06860",
"pricerange": "free",
"type": "architecture"
},
{
"address": "Maltepe, Gazi Mustafa Kemal Blv. No:63",
"area": "centre",
"entrance fee": "30 TL",
"id": "24",
"name": "Manilya Night Club",
"phone": "3122310201",
"postcode": "06570",
"pricerange": "moderate",
"type": "nightclub"
},
{
"address": "Anafartalar Mahallesi, Hipodrom Caddesi, Ulus",
"area": "centre",
"entrance fee": "5 TL",
"id": "25",
"name": "Ankara Garı",
"phone": "4448233",
"postcode": "06050",
"pricerange": "cheap",
"type": "architecture"
},
{
"address": "Hamamönü Sk. Hacettepe, Altındağ",
"area": "centre",
"entrance fee": "free",
"id": "26",
"name": "Hamamönü",
"phone": "3123102155",
"postcode": "06230",
"pricerange": "free",
"type": "architecture"
},
{
"address": "Kale, Altındağ",
"area": "centre",
"entrance fee": "free",
"id": "27",
"name": "Ankara Kalesi",
"phone": "5413553846",
"postcode": "06240",
"pricerange": "free",
"type": "architecture"
},
{
"address": "Kavaklıdere Mahallesi, Arjantin Cd. No:21",
"area": "east",
"entrance fee": "?",
"id": "28",
"name": "Nakarat Ankara",
"phone": "5533248825",
"postcode": "06700",
"pricerange": "?",
"type": "entertainment"
},
{
"address": "Hacettepe, Ulucanlar Cd. No:63",
"area": "east",
"entrance fee": "free",
"id": "29",
"name": "Ulucanlar Cezaevi Müzesi",
"phone": "3125070138",
"postcode": "06030",
"pricerange": "free",
"type": "museum"
},
{
"address": "Hacı Bayram, Sarıbağ Sk. No:13",
"area": "centre",
"entrance fee": "free",
"id": "30",
"name": "Hacı Bayram-ı Veli Camii",
"phone": "3122957323",
"postcode": "06050",
"pricerange": "free",
"type": "architecture"
},
{
"address": "Üniversiteler Mah.",
"area": "centre",
"entrance fee": "10 TL",
"id": "31",
"name": "Bilkent Üniversitesi",
"phone": "3122904000",
"postcode": "06800",
"pricerange": "cheap",
"type": "college"
},
{
"address": "Emniyet Mah, Gazi Üniversitesi Rektörlüğü, Bandırma Cd No:6/1",
"area": "centre",
"entrance fee": "free",
"id": "32",
"name": "Gazi Üniversitesi",
"phone": "3122022000",
"postcode": "06560",
"pricerange": "free",
"type": "college"
},
{
"address": "Anafartalar, Doğanbey Mah. Cumhuriyet Cad, Ulus No:14",
"area": "centre",
"entrance fee": "free",
"id": "33",
"name": "Birinci TBMM Binası",
"phone": "3124201920",
"postcode": "06050",
"pricerange": "free",
"type": "architecture"
},
{
"address": "Kültür, Dr. Mediha Eldem Sk. No:67",
"area": "centre",
"entrance fee": "free",
"id": "34",
"name": "Kocatepe Camii",
"phone": "3124177489",
"postcode": "06420",
"pricerange": "free",
"type": "architecture"
},
{
"address": "Ayvalı, Söğütbeli Cd. No:1, Keçiören",
"area": "north",
"entrance fee": "?",
"id": "35",
"name": "Etlik Olimpik Yüzme Havuzu Ve Spor Merkezi",
"phone": "3123227796",
"postcode": "06010",
"pricerange": "?",
"type": "swimmingpool"
},
{
"address": "Kazım Özalp, Uğur Mumcu Cd. 22/A",
"area": "centre",
"entrance fee": "50 TL",
"id": "36",
"name": "Havana Club",
"phone": "3124481694",
"postcode": "06700",
"pricerange": "moderate",
"type": "nightclub"
},
{
"address": "Üniversiteler, Dumlupınar Blv. No:1",
"area": "west",
"entrance fee": "free",
"id": "37",
"name": "ODTÜ Toplum ve Bilim Merkezi",
"phone": "31232106043",
"postcode": "06800",
"pricerange": "free",
"type": "museum"
},
{
"address": "Çankaya Cd. No:1",
"area": "centre",
"entrance fee": "free",
"id": "38",
"name": "Atakule",
"phone": "4446282",
"postcode": "06690",
"pricerange": "free",
"type": "architecture"
},
{
"address": "Mehmet Akif Ersoy, 292. Sk Yenimahalle",
"area": "north",
"entrance fee": "?",
"id": "39",
"name": "Bülent Ecevit Yüzme Havuzu ve Spor Tesisi",
"phone": "3123545228",
"postcode": "06200",
"pricerange": "?",
"type": "swimmingpool"
},
{
"address": "Emniyet, Dögol Cd. 6A",
"area": "centre",
"entrance fee": "free",
"id": "40",
"name": "Ankara Üniversitesi",
"phone": "4445946",
"postcode": "06560",
"pricerange": "free",
"type": "college"
},
{
"address": "Çukurambar, Dumlupınar Blv. No:11",
"area": "west",
"entrance fee": "free",
"id": "41",
"name": "MTA Genel Müdürlüğü Şehit Cuma Dağ Tabiat Tarihi Müzesi",
"phone": "3122012396",
"postcode": "06530",
"pricerange": "free",
"type": "museum"
},
{
"address": "Bitik Köyü, Kahramankazan",
"area": "west",
"entrance fee": "free",
"id": "42",
"name": "Bitik Höyük",
"phone": "5326877770",
"postcode": "06980",
"pricerange": "free",
"type": "architecture"
},
{
"address": "Kalaba, Atatürk Cd. No:21",
"area": "north",
"entrance fee": "free",
"id": "43",
"name": "Ihlamur Vadisi",
"phone": "5417441745",
"postcode": "06120",
"pricerange": "free",
"type": "park"
},
{
"address": "Anafartalar, Atatürk Blv No:20",
"area": "centre",
"entrance fee": "?",
"id": "44",
"name": "Büyük Tiyatro",
"phone": "3123242210",
"postcode": "06250",
"pricerange": "?",
"type": "theatre"
},
{
"address": "Anafartalar, Doğanbey Mah. Cumhuriyet Cad, Ulus No:14",
"area": "centre",
"entrance fee": "free",
"id": "45",
"name": "Kurtuluş Savaşı Müzesi",
"phone": "3124201920",
"postcode": "06050",
"pricerange": "free",
"type": "museum"
},
{
"address": "Beştepe, Yenimahalle",
"area": "west",
"entrance fee": "free",
"id": "46",
"name": "Atatürk Evi",
"phone": "3122110170",
"postcode": "06560",
"pricerange": "free",
"type": "museum"
},
{
"address": "Yıldızevler, 708. Sk. No:14",
"area": "south",
"entrance fee": "?",
"id": "47",
"name": "Hasbihal Yıldız",
"phone": "5354643535",
"postcode": "06550",
"pricerange": "?",
"type": "entertainment"
},
{
"address": "Hacettepe",
"area": "centre",
"entrance fee": "free",
"id": "48",
"name": "Hacettepe Üniversitesi",
"phone": "3123055000",
"postcode": "06230",
"pricerange": "free",
"type": "college"
},
{
"address": "Emniyet, Gazi Üniversitesi",
"area": "centre",
"entrance fee": "?",
"id": "49",
"name": "Gazi Üniversitesi Yüzme Havuzu",
"phone": "3122023960",
"postcode": "06560",
"pricerange": "?",
"type": "swimmingpool"
},
{
"address": "Kale, Kale Sk.",
"area": "centre",
"entrance fee": "free",
"id": "50",
"name": "Ahi Şerafeddin Camii",
"phone": "3123107543",
"postcode": "06250",
"pricerange": "free",
"type": "architecture"
},
{
"address": "Balgat, Oğuzlar, Av. Özdemir Özok Sk. No.8",
"area": "west",
"entrance fee": "free",
"id": "51",
"name": "Türkiye Barolar Birliği Hukuk Müzesi",
"phone": "3122925909",
"postcode": "06650",
"pricerange": "free",
"type": "museum"
},
{
"address": "Kale, Gözcü Sk. No:2, Ulus",
"area": "centre",
"entrance fee": "free",
"id": "52",
"name": "Anadolu Medeniyetleri Müzesi",
"phone": "3123243160",
"postcode": "06240",
"pricerange": "free",
"type": "museum"
},
{
"address": "Kurtuluş, Milli Egemenlik Cd. No:21",
"area": "west",
"entrance fee": "10 TL",
"id": "53",
"name": "Beypazarı Tarihi Çarşısı",
"phone": "3127622510",
"postcode": "06730",
"pricerange": "moderate",
"type": "architecture"
},
{
"address": "Hacı Bayram, Atatürk Blv No:13",
"area": "centre",
"entrance fee": "free",
"id": "54",
"name": "PTT Pul Müzesi",
"phone": "3123240871",
"postcode": "06050",
"pricerange": "free",
"type": "museum"
},
{
"address": "Turgut Özal, 16, 2113. Cd Yenimahalle",
"area": "north",
"entrance fee": "?",
"id": "55",
"name": "AnkTalya Aqua Park Yüzme Havuzu",
"phone": "3122711414",
"postcode": "06370",
"pricerange": "?",
"type": "waterpark"
},
{
"address": "Anafartalar, Çankırı Cd. No:43, 06050 Altındağ/Ankara",
"area": "centre",
"entrance fee": "free",
"id": "56",
"name": "Roma Hamamı ve Antik Kent",
"phone": "3123107280",
"postcode": "06050",
"pricerange": "free",
"type": "museum"
},
{
"address": "Hacettepe, Mehmet Akif Ersoy Sk. 9 C",
"area": "east",
"entrance fee": "free",
"id": "57",
"name": "Mehmet Akif Ersoy Evi Müzesi",
"phone": "3123121873",
"postcode": "06230",
"pricerange": "free",
"type": "museum"
},
{
"address": "Üniversiteler, Dumlupınar Blv.",
"area": "centre",
"entrance fee": "free",
"id": "58",
"name": "Ahmet Hamdi Akseki Camii",
"phone": "3122957000",
"postcode": "06800",
"pricerange": "free",
"type": "architecture"
},
{
"address": "Hacı Bayram Mh. Altındağ",
"area": "centre",
"entrance fee": "10 TL",
"id": "59",
"name": "Julianus Sütunu",
"phone": "3125070000",
"postcode": "06030",
"pricerange": "moderate",
"type": "architecture"
},
{
"address": "Doğanbey, Cumhuriyet Cd. No:7, 06050 Altındağ/Ankara",
"area": "centre",
"entrance fee": "free",
"id": "60",
"name": "Cumhuriyet Müzesi",
"phone": "3123105361",
"postcode": "06050",
"pricerange": "free",
"type": "museum"
},
{
"address": "Şevkat Mah, Dr. Besim Ömer Cd. 53. Sokak",
"area": "centre",
"entrance fee": "?",
"id": "61",
"name": "Keçiören Belediyesi Kalaba Spor Merkezi ve Yüzme Havuzu",
"phone": "3123403171",
"postcode": "06010",
"pricerange": "?",
"type": "waterpark"
},
{
"address": "Çankaya, Çankaya Cd. No:10/B",
"area": "south",
"entrance fee": "free",
"id": "62",
"name": "Botanik Parkı",
"phone": "3124588900",
"postcode": "06680",
"pricerange": "free",
"type": "park"
},
{
"address": "Hacı Bayram, Altındağ",
"area": "centre",
"entrance fee": "free",
"id": "63",
"name": "Augustus Tapınağı",
"phone": "3123243160",
"postcode": "06030",
"pricerange": "free",
"type": "architecture"
},
{
"address": "Kavaklıdere Konur Sokak 75/a",
"area": "centre",
"entrance fee": "15TL",
"id": "64",
"name": "Foliberjer Night Club",
"phone": "5338149321",
"postcode": "06700",
"pricerange": "cheap",
"type": "nightclub"
},
{
"address": "Hilal, Turan Güneş Blv. No: 100",
"area": "south",
"entrance fee": "?",
"id": "65",
"name": "Çengel Pop-Arabesk",
"phone": "5335802938",
"postcode": "06550",
"pricerange": "?",
"type": "entertainment"
},
{
"address": "Kızılay, Kumrular Cd. 20-A D:2",
"area": "centre",
"entrance fee": "?",
"id": "66",
"name": "Bambu Sahne",
"phone": "5064476221",
"postcode": "06000",
"pricerange": "?",
"type": "theatre"
},
{
"address": "Ümit Mah, Meksika Cd. No:52 Yenimahalle",
"area": "centre",
"entrance fee": "?",
"id": "67",
"name": "Vip Spor Quality Aquapark",
"phone": "3122360186",
"postcode": "06810",
"pricerange": "?",
"type": "waterpark"
},
{
"address": "Güzeltepe, İlkadım, Dikmen Vadisi 3. Etap No: 3-B D:105",
"area": "east",
"entrance fee": "?",
"id": "68",
"name": "Sports International Çankaya Vadi",
"phone": "4447535",
"postcode": "06690",
"pricerange": "?",
"type": "multiple sports"
},
{
"address": "100. Yıl, Filistin Cd. No:51",
"area": "centre",
"entrance fee": "25 TL",
"id": "69",
"name": "Tren Ankara",
"phone": "3124360306",
"postcode": "06700",
"pricerange": "moderate",
"type": "nightclub"
},
{
"address": "Maltepe, Anıt Cd",
"area": "centre",
"entrance fee": "free",
"id": "70",
"name": "Atatürk ve Kurtuluş Savaşı Müzesi",
"phone": "3122312805",
"postcode": "06570",
"pricerange": "free",
"type": "museum"
},
{
"address": "Güvenevler, Güneş Sk. No:21",
"area": "south",
"entrance fee": "?",
"id": "71",
"name": "Tatbikat Sahnesi",
"phone": "3124677172",
"postcode": "06690",
"pricerange": "?",
"type": "theatre"
},
{
"address": "Anafartalar, Talatpaşa Blv No:38",
"area": "centre",
"entrance fee": "?",
"id": "72",
"name": "CSO Konser Salonu",
"phone": "3123091343",
"postcode": "06050",
"pricerange": "?",
"type": "concerthall"
},
{
"address": "Hilal, Turan Güneş Blv. No.100",
"area": "south",
"entrance fee": "?",
"id": "73",
"name": "Justin Ankara",
"phone": "3124400080",
"postcode": "06550",
"pricerange": "moderate",
"type": "nightclub"
},
{
"address": "Merkez, Altındağ Merkez, Altındağ, Bentderesi Cd",
"area": "centre",
"entrance fee": "5 TL",
"id": "74",
"name": "Antik Roma Tiyatrosu",
"phone": "3125070000",
"postcode": "06050",
"pricerange": "cheap",
"type": "architecture"
},
{
"address": "Yukarı Bahçelievler, Aşkabat Cad. 66.Sk",
"area": "centre",
"entrance fee": "?",
"id": "75",
"name": "Büyülü Fener Bahçelievler Sineması",
"phone": "3122129296",
"postcode": "06490",
"pricerange": "?",
"type": "cinema"
},
{
"address": "Birlik Mah.",
"area": "south",
"entrance fee": "free",
"id": "76",
"name": "Lozan Park",
"phone": "3124412018",
"postcode": "06550",
"pricerange": "free",
"type": "park"
},
{
"address": "Çayyolu, Park Cd. No:5",
"area": "west",
"entrance fee": "?",
"id": "77",
"name": "Club Escape",
"phone": "3122409494",
"postcode": "06810",
"pricerange": "?",
"type": "entertainment"
},
{
"address": "Kale, Gözcü Sk. No:10, 06240 Altındağ/Ankara",
"area": "centre",
"entrance fee": "free",
"id": "78",
"name": "Erimtan Arkeoloji ve Sanat Müzesi",
"phone": "3123110401",
"postcode": "06240",
"pricerange": "free",
"type": "museum"
},
{
"address": "Anafartalar, Atatürk Blv No:23",
"area": "centre",
"entrance fee": "free",
"id": "79",
"name": "Ankara Vakıf Eserleri Müzesi",
"phone": "3123114925",
"postcode": "06050",
"pricerange": "free",
"type": "museum"
}
]