[
    {
        "address": "Büklüm Sokak No: 37",
        "area": "east",
        "internet": "yes",
        "parking": "no",
        "id": "0",
        "name": "Ankara Royal Hotel",
        "phone": "3124254151",
        "postcode": "06650",
        "pricerange": "moderate",
        "stars": "4",
        "takesbookings": "yes",
        "type": "hotel"
    },
    {
        "address": "Çamlıca, 138. Sk. No:1",
        "area": "north",
        "internet": "yes",
        "parking": "yes",
        "id": "1",
        "name": "Akman TZOB Otel",
        "phone": "3123180001",
        "postcode": "06200",
        "pricerange": "moderate",
        "stars": "4",
        "takesbookings": "yes",
        "type": "hotel"
    },
    {
        "address": "Meşrutiyet, Selanik Cd No:74",
        "area": "centre",
        "internet": "yes",
        "parking": "yes",
        "id": "2",
        "name": "Raymar Hotel",
        "phone": "3124177575",
        "postcode": "06640",
        "pricerange": "cheap",
        "stars": "4",
        "takesbookings": "yes",
        "type": "hotel"
    },
    {
        "address": "Büyükesat, Kız Kulesi Sk. No: 36",
        "area": "east",
        "internet": "yes",
        "parking": "yes",
        "id": "3",
        "name": "Grand Nora Hotel",
        "phone": "3124471000",
        "postcode": "06680",
        "pricerange": "cheap",
        "stars": "4",
        "takesbookings": "yes",
        "type": "hotel"
    },
    {
        "address": "Örnek Mah. Şht. Ömer Halisdemir Blv No:1 Altındağ",
        "area": "north",
        "internet": "no",
        "parking": "no",
        "id": "4",
        "name": "Lion City Hotel Ankara",
        "phone": "3123103093",
        "postcode": "06080",
        "pricerange": "moderate",
        "stars": "3",
        "takesbookings": "yes",
        "type": "hotel"
    },
    {
        "address": "Hacı Bayram Çankırı Caddesi No. 48",
        "area": "north",
        "internet": "yes",
        "parking": "yes",
        "id": "5",
        "name": "Sergah Hotel",
        "phone": "3123108500",
        "postcode": "06030",
        "pricerange": "moderate",
        "stars": "4",
        "takesbookings": "yes",
        "type": "hotel"
    },
    {
        "address": "Hacı Bayram, Çankırı Cd. No: 20",
        "area": "north",
        "internet": "yes",
        "parking": "yes",
        "id": "6",
        "name": "Atalay Hotel",
        "phone": "3123091515",
        "postcode": "06030",
        "pricerange": "moderate",
        "stars": "4",
        "takesbookings": "yes",
        "type": "hotel"
    },
    {
        "address": "Hacı Bayram, Çankırı Cd. No:58",
        "area": "north",
        "internet": "yes",
        "parking": "yes",
        "id": "7",
        "name": "Nobel Hostel",
        "phone": "3123245050",
        "postcode": "06030",
        "pricerange": "moderate",
        "stars": "2",
        "takesbookings": "yes",
        "type": "guesthouse"
    },
    {
        "address": "Uğur Mumcu Sok. No 71 Gaziosmanpaşa",
        "area": "east",
        "internet": "yes",
        "parking": "yes",
        "id": "8",
        "name": "Apart Hotel Best",
        "phone": "3124468080",
        "postcode": "06700",
        "pricerange": "cheap",
        "stars": "4",
        "takesbookings": "yes",
        "type": "hotel"
    },
    {
        "address": "Doğanbey, Kazım Karabekir Cd. No:74",
        "area": "north",
        "internet": "yes",
        "parking": "no",
        "id": "9",
        "name": "Manhattan Hotel",
        "phone": "3123120306",
        "postcode": "06050",
        "pricerange": "moderate",
        "stars": "4",
        "takesbookings": "yes",
        "type": "hotel"
    },
    {
        "address": "Yıldızevler, Turan Güneş Bulv. Rabindranath Tagore Cd. No:3",
        "area": "south",
        "internet": "yes",
        "parking": "yes",
        "id": "10",
        "name": "Cassiel Hotel",
        "phone": "3124434343",
        "postcode": "06550",
        "pricerange": "moderate",
        "stars": "4",
        "takesbookings": "yes",
        "type": "hotel"
    },
    {
        "address": "Aziziye, Kırkpınar Sk. No.21",
        "area": "south",
        "internet": "yes",
        "parking": "yes",
        "id": "11",
        "name": "Ak Life Hotel Suite",
        "phone": "3124392151",
        "postcode": "06690",
        "pricerange": "moderate",
        "stars": "3",
        "takesbookings": "yes",
        "type": "hotel"
    },
    {
        "address": "Barbaros, Güniz Sk. No:26",
        "area": "east",
        "internet": "yes",
        "parking": "yes",
        "id": "12",
        "name": "Hotel Houston",
        "phone": "3124661680",
        "postcode": "06700",
        "pricerange": "moderate",
        "stars": "4",
        "takesbookings": "yes",
        "type": "hotel"
    },
    {
        "address": "Işıklar Cad. No: 31 Altındağ",
        "area": "north",
        "internet": "yes",
        "parking": "yes",
        "id": "13",
        "name": "Otel Antik",
        "phone": "3123094356",
        "postcode": "06240",
        "pricerange": "cheap",
        "stars": "0",
        "takesbookings": "yes",
        "type": "hotel"
    },
    {
        "address": "Çankaya, 26. sokak No: 3 (4.cadde) Emek",
        "area": "centre",
        "internet": "yes",
        "parking": "no",
        "id": "14",
        "name": "Anka City",
        "phone": "3122237000",
        "postcode": "06490",
        "pricerange": "moderate",
        "stars": "0",
        "takesbookings": "yes",
        "type": "guesthouse"
    },
    {
        "address": "Korkutreis, Sezenler Sk. No:18",
        "area": "centre",
        "internet": "yes",
        "parking": "yes",
        "id": "15",
        "name": "Hotel Abro Sezenler",
        "phone": "3122326800",
        "postcode": "06430",
        "pricerange": "cheap",
        "stars": "0",
        "takesbookings": "yes",
        "type": "hotel"
    },
    {
        "address": "Kültür, Ataç-2 Sk. No:46",
        "area": "east",
        "internet": "yes",
        "parking": "yes",
        "id": "16",
        "name": "Deeps Hostel",
        "phone": "3122136338",
        "postcode": "06100",
        "pricerange": "expensive",
        "stars": "2",
        "takesbookings": "yes",
        "type": "guesthouse"
    },
    {
        "address": "Beştepe, Cumhurbaşkanlığı Blv No:69",
        "area": "west",
        "internet": "yes",
        "parking": "yes",
        "id": "17",
        "name": "Gazi Park Hotel",
        "phone": "3122156666",
        "postcode": "06560",
        "pricerange": "cheap",
        "stars": "4",
        "takesbookings": "yes",
        "type": "hotel"
    },
    {
        "address": "Bahçelievler, Azerbaycan Cd. No:65",
        "area": "centre",
        "internet": "yes",
        "parking": "yes",
        "id": "18",
        "name": "Inn 65 Budget",
        "phone": "3122154000",
        "postcode": "06490",
        "pricerange": "expensive",
        "stars": "3",
        "takesbookings": "yes",
        "type": "guesthouse"
    },
    {
        "address": "Doğanbey, Çankırı Cd. No:29",
        "area": "north",
        "internet": "yes",
        "parking": "yes",
        "id": "19",
        "name": "Asal Hotel",
        "phone": "3123115525",
        "postcode": "06050",
        "pricerange": "moderate",
        "stars": "3",
        "takesbookings": "yes",
        "type": "hotel"
    },
    {
        "address": "Anıttepe, Gülseren Sk. No:4",
        "area": "west",
        "internet": "yes",
        "parking": "yes",
        "id": "20",
        "name": "Maltepe 2000 Hotel",
        "phone": "3122318170",
        "postcode": "06570",
        "pricerange": "moderate",
        "stars": "3",
        "takesbookings": "yes",
        "type": "hotel"
    },
    {
        "address": "Anafartalar, Rüzgarlı Cd. No:10",
        "area": "north",
        "internet": "yes",
        "parking": "yes",
        "id": "21",
        "name": "Peracity Hotel",
        "phone": "3123121269",
        "postcode": "06050",
        "pricerange": "moderate",
        "stars": "4",
        "takesbookings": "yes",
        "type": "hotel"
    },
    {
        "address": "Barbaros, Büklüm Cd No:103",
        "area": "west",
        "internet": "yes",
        "parking": "yes",
        "id": "22",
        "name": "Aldino Residence",
        "phone": "3124274646",
        "postcode": "06700",
        "pricerange": "expensive",
        "stars": "4",
        "takesbookings": "yes",
        "type": "guesthouse"
    },
    {
        "address": "Korkutreis Mh, Yeşilırmak Cad. No:14 Demirtepe",
        "area": "north",
        "internet": "yes",
        "parking": "yes",
        "id": "23",
        "name": "Kahya Otel",
        "phone": "3122292977",
        "postcode": "06430",
        "pricerange": "moderate",
        "stars": "4",
        "takesbookings": "yes",
        "type": "hotel"
    },
    {
        "address": "Gaziosmanpaşa, Koza Sokak No : 148",
        "area": "east",
        "internet": "yes",
        "parking": "yes",
        "id": "24",
        "name": "Koza Millenyum Hotel & Spa",
        "phone": "3124364414",
        "postcode": "06900",
        "pricerange": "cheap",
        "stars": "4",
        "takesbookings": "yes",
        "type": "hotel"
    },
    {
        "address": "Anıttepe, Gazi Mustafa Kemal Blv. No:139",
        "area": "north",
        "internet": "yes",
        "parking": "yes",
        "id": "25",
        "name": "Güvenay Business Hotel",
        "phone": "3122294300",
        "postcode": "06570",
        "pricerange": "moderate",
        "stars": "4",
        "takesbookings": "yes",
        "type": "hotel"
    },
    {
        "address": "Hacıbayram Mahallesi Uzunyol Akşehir Sokak 1/A",
        "area": "north",
        "internet": "yes",
        "parking": "yes",
        "id": "26",
        "name": "Evren House",
        "phone": "3123127854",
        "postcode": "06070",
        "pricerange": "moderate",
        "stars": "2",
        "takesbookings": "yes",
        "type": "guesthouse"
    },
    {
        "address": "Birlik, 412. Sk. No: 8",
        "area": "south",
        "internet": "yes",
        "parking": "yes",
        "id": "27",
        "name": "City Hotel & Residence",
        "phone": "3124950102",
        "postcode": "06610",
        "pricerange": "cheap",
        "stars": "4",
        "takesbookings": "yes",
        "type": "hotel"
    },
    {
        "address": "İşçi Blokları, Muhsin Yazıcıoğlu Cd. No.55 Balgat",
        "area": "west",
        "internet": "yes",
        "parking": "yes",
        "id": "28",
        "name": "Meyra Palace",
        "phone": "3122662500",
        "postcode": "06520",
        "pricerange": "cheap",
        "stars": "4",
        "takesbookings": "yes",
        "type": "guesthouse"
    },
    {
        "address": "Güzeltepe, Abidin Daver Sk. No:33",
        "area": "south",
        "internet": "yes",
        "parking": "yes",
        "id": "29",
        "name": "Days by Wyndham",
        "phone": "3124393000",
        "postcode": "06690",
        "pricerange": "expensive",
        "stars": "3",
        "takesbookings": "yes",
        "type": "guesthouse"
    },
    {
        "address": "Remzi Oğuz Arık, Tunus Cd. No:52",
        "area": "centre",
        "internet": "yes",
        "parking": "yes",
        "id": "30",
        "name": "Sonno Boutique Rooms & Suites",
        "phone": "3124662727",
        "postcode": "06680",
        "pricerange": "expensive",
        "stars": "4",
        "takesbookings": "yes",
        "type": "guesthouse"
    },
    {
        "address": "Barbaros, Büklüm Cd No:113",
        "area": "east",
        "internet": "yes",
        "parking": "yes",
        "id": "31",
        "name": "Notte Boutique Hotel",
        "phone": "3124667600",
        "postcode": "06680",
        "pricerange": "moderate",
        "stars": "4",
        "takesbookings": "yes",
        "type": "hotel"
    },
    {
        "address": "Anafartalar, Sanayi Cd. No:22",
        "area": "north",
        "internet": "yes",
        "parking": "yes",
        "id": "32",
        "name": "Double Comfort Hotel",
        "phone": "3123108838",
        "postcode": "06050",
        "pricerange": "cheap",
        "stars": "4",
        "takesbookings": "yes",
        "type": "hotel"
    }
]
