[
  {
    "name": "Asian House",
    "food": "asian oriental",
    "address": "Meşrutiyet, Selanik Cd No: 64/A",
    "id": 0,
    "postcode": "06420",
    "phone": "3128042323",
    "area": "centre",
    "pricerange": "cheap",
    "type": "restaurant"
  },
  {
    "name": "Guangzhou wuyang",
    "food": "asian oriental",
    "address": "Kavaklıdere, Bestekar Cd No:88 D:B",
    "id": 1,
    "postcode": "06680",
    "phone": "3124681520",
    "area": "centre",
    "pricerange": "cheap",
    "type": "restaurant"
  },
  {
    "name": "Uygur Mutfağı",
    "food": "chinese",
    "address": "Kavaklıdere, Bankacı Sk. 3/A",
    "id": 2,
    "postcode": "06680",
    "phone": "5364312122",
    "area": "centre",
    "pricerange": "cheap",
    "type": "restaurant"
  },
  {
    "name": "Sushi Home",
    "food": "chinese",
    "address": "Kavaklıdere, Büklüm Cd 6/B",
    "id": 3,
    "postcode": "06900",
    "phone": "5527527695",
    "area": "centre",
    "pricerange": "cheap",
    "type": "restaurant"
  },
  {
    "name": "Far East Wok",
    "food": "chinese",
    "address": "Yukarı Bahçelievler, 69. Sk. No:3/A",
    "id": 4,
    "postcode": "06490",
    "phone": "3122151145",
    "area": "centre",
    "pricerange": "cheap",
    "type": "restaurant"
  },
  {
    "name": "Meymenet By Aşina",
    "food": "turkish",
    "address": "Portakal Çiçeği Sk. 2/A Ayrancı Mahallesi",
    "id": 5,
    "postcode": "06690",
    "phone": "5324169609",
    "area": "centre",
    "pricerange": "cheap",
    "type": "restaurant"
  },
  {
    "name": "Kuzucu Ali Çukurambar",
    "food": "turkish",
    "address": "İşçi Blokları, 1484. Sk. No:21",
    "id": 6,
    "postcode": "06530",
    "phone": "3122101042",
    "area": "centre",
    "pricerange": "cheap",
    "type": "restaurant"
  },
  {
    "name": "Reynata Ev Yemekleri & Doğal İçecekler",
    "food": "turkish",
    "address": "Kızılay, Şht. Adem Yavuz Sk. No:13/B",
    "id": 7,
    "postcode": "06420",
    "phone": "5415528311",
    "area": "centre",
    "pricerange": "cheap",
    "type": "restaurant"
  },
  {
    "name": "Italian Di'Pizza",
    "food": "italian",
    "address": "Fakülteler, Seyhan Sk. No:8",
    "id": 8,
    "postcode": "06590",
    "phone": "3122136349",
    "area": "centre",
    "pricerange": "cheap",
    "type": "restaurant"
  },
  {
    "name": "Molto Bene Tunalı",
    "food": "italian",
    "address": "Remzi Oğuz Arık, John F. Kennedy Cd. no:22",
    "id": 9,
    "postcode": "06680",
    "phone": "5322718474",
    "area": "centre",
    "pricerange": "cheap",
    "type": "restaurant"
  },
  {
    "name": "La Padella",
    "food": "italian",
    "address": "Yukarı Bahçelievler, Mahallesi, Azerbaycan Cd. No:109",
    "id": 10,
    "postcode": "06490",
    "phone": "3122212022",
    "area": "centre",
    "pricerange": "cheap",
    "type": "restaurant"
  },
  {
    "name": "Güzel Yurt Sofrası",
    "food": "mediterranean",
    "address": "GMK Bulvari, Sümer 1 sok, Kızılay, Onur çarsisi 15/F",
    "id": 11,
    "postcode": "06420",
    "phone": "3122313004",
    "area": "centre",
    "pricerange": "cheap",
    "type": "restaurant"
  },
  {
    "name": "Cafemiz",
    "food": "modern european",
    "address": "Gaziosmanpaşa, Arjantin Cd. No:19/1",
    "id": 12,
    "postcode": "06300",
    "phone": "3124677921",
    "area": "centre",
    "pricerange": "cheap",
    "type": "restaurant"
  },
  {
    "name": "Fado Bistro",
    "food": "portuguese",
    "address": "Güvenevler, Güneş Sokak, Şili Meydanı No:1",
    "id": 13,
    "postcode": "06540",
    "phone": "3124677177",
    "area": "centre",
    "pricerange": "cheap",
    "type": "restaurant"
  },
  {
    "name": "Para Gastroteka",
    "food": "spanish",
    "address": "Çankaya, Çankaya Cd. No: 1 D:18",
    "id": 14,
    "postcode": "06690",
    "phone": "3125144141",
    "area": "centre",
    "pricerange": "cheap",
    "type": "restaurant"
  },
  {
    "name": "Aruni Restoran & Bar",
    "food": "international",
    "address": "Kavaklıdere, Şht. Ömer Haluk Sipahioğlu Sk. No: 1",
    "id": 15,
    "postcode": "06700",
    "phone": "3124576060",
    "area": "east",
    "pricerange": "cheap",
    "type": "restaurant"
  },
  {
    "name": "Peçenek Döner",
    "food": "turkish",
    "address": "Tesviyeciler Caddesi, Seçim Sokak, No:69 İskitler",
    "id": 16,
    "postcode": "06070",
    "phone": "3123420587",
    "area": "north",
    "pricerange": "cheap",
    "type": "restaurant"
  },
  {
    "name": "Venice İtalian Pizza / Bahçelievler",
    "food": "italian",
    "address": "Bahçelievler Mahallesi, Taşkent Cd. No:61-63/B",
    "id": 17,
    "postcode": "06000",
    "phone": "5461231988",
    "area": "north",
    "pricerange": "cheap",
    "type": "restaurant"
  },
  {
    "name": "Private HoT PoT",
    "food": "chinese",
    "address": "Sancak, 512. Sk. 4 /A",
    "id": 18,
    "postcode": "06550",
    "phone": "3128078686",
    "area": "south",
    "pricerange": "cheap",
    "type": "restaurant"
  },
  {
    "name": "SUPU",
    "food": "portuguese",
    "address": "Kavaklıdere, Beykoz Sk. 7B",
    "id": 19,
    "postcode": "06680",
    "phone": "3129255242",
    "area": "south",
    "pricerange": "cheap",
    "type": "restaurant"
  },
  {
    "name": "8 Dil Pizza",
    "food": "italian",
    "address": "Bahçelievler, eski, 54. Cadde no:23",
    "id": 20,
    "postcode": "06490",
    "phone": "3123324344",
    "area": "west",
    "pricerange": "cheap",
    "type": "restaurant"
  },
  {
    "name": "Fan Fang",
    "food": "vietnamese",
    "address": "Eskisehir Yolu Armada Alisveris ve Is Merkezi No:6 K:3 D:186",
    "id": 21,
    "postcode": "06510",
    "phone": "3122191544",
    "area": "west",
    "pricerange": "cheap",
    "type": "restaurant"
  },
  {
    "name": "Ethiopian Restaurant",
    "food": "african",
    "address": "Güvenevler, Kuveyt Cd. No:7",
    "id": 22,
    "postcode": "06540",
    "phone": "5452454311",
    "area": "centre",
    "pricerange": "expensive",
    "type": "restaurant"
  },
  {
    "name": "Chef Izakaya",
    "food": "asian oriental",
    "address": "Kızılırmak Mah. 1450 Sk ATM Plaza B Blok 1, D:G",
    "id": 23,
    "postcode": "06510",
    "phone": "3122200046",
    "area": "centre",
    "pricerange": "expensive",
    "type": "restaurant"
  },
  {
    "name": "Newcastle Maidan",
    "food": "british",
    "address": "Maidan İş ve Yaşam Merkezi, Eskişehir Yolu No:4 C Blok C202",
    "id": 24,
    "postcode": "06520",
    "phone": "3122863331",
    "area": "centre",
    "pricerange": "expensive",
    "type": "restaurant"
  },
  {
    "name": "Newcastle Armada",
    "food": "british",
    "address": "Beştepe, Dumlupınar Blv. No:6",
    "id": 25,
    "postcode": "06560",
    "phone": "3125412323",
    "area": "centre",
    "pricerange": "expensive",
    "type": "restaurant"
  },
  {
    "name": "Newcastle Panora",
    "food": "british",
    "address": "Oran, Kudüs Cd. No:6 D:70",
    "id": 26,
    "postcode": "06550",
    "phone": "3125020122",
    "area": "centre",
    "pricerange": "expensive",
    "type": "restaurant"
  },
  {
    "name": "Chinese wood'n wok",
    "food": "chinese",
    "address": "Umut, Bağlar Cd. 185/A",
    "id": 27,
    "postcode": "06670",
    "phone": "5521518823",
    "area": "centre",
    "pricerange": "expensive",
    "type": "restaurant"
  },
  {
    "name": "City Wok",
    "food": "chinese",
    "address": "Aziziye Mahallesi, Portakal Çiçeği Sokak, No: 1/F Aşağı, Ayrancı",
    "id": 28,
    "postcode": "06690",
    "phone": "3122724078",
    "area": "centre",
    "pricerange": "expensive",
    "type": "restaurant"
  },
  {
    "name": "Chinese & Sushi Express",
    "food": "chinese",
    "address": "Söğütözü, 1. Sk. No:7",
    "id": 29,
    "postcode": "06510",
    "phone": "3122367171",
    "area": "centre",
    "pricerange": "expensive",
    "type": "restaurant"
  },
  {
    "name": "Çin Seddi Restaurant Çankaya",
    "food": "chinese",
    "address": "Ayrancı, Hoşdere Cd. No:127",
    "id": 30,
    "postcode": "06690",
    "phone": "3124429353",
    "area": "centre",
    "pricerange": "expensive",
    "type": "restaurant"
  },
  {
    "name": "Divan Brasserie Çengelhan",
    "food": "european",
    "address": "Depo Sokak, Kale, Ulus No:1",
    "id": 31,
    "postcode": "06250",
    "phone": "3123096800",
    "area": "centre",
    "pricerange": "expensive",
    "type": "restaurant"
  },
  {
    "name": "Kovan Bistronomy",
    "food": "european",
    "address": "Talatpaşa Bulvarı, No: 38 Opera, Anafartalar",
    "id": 32,
    "postcode": "06330",
    "phone": "5493100062",
    "area": "centre",
    "pricerange": "expensive",
    "type": "restaurant"
  },
  {
    "name": "Cafe Piaf",
    "food": "french",
    "address": "Rabin Dranat, Kumru Avm, Yildizevler Mahallesi, Rabindranath Tagore Cd. D:no :7",
    "id": 33,
    "postcode": "06650",
    "phone": "5354686036",
    "area": "centre",
    "pricerange": "expensive",
    "type": "restaurant"
  },
  {
    "name": "Ahır Pub Konur",
    "food": "gastropub",
    "address": "Meşrutiyet, Konur Sok. No:24/B",
    "id": 34,
    "postcode": "06420",
    "phone": "3129253839",
    "area": "centre",
    "pricerange": "expensive",
    "type": "restaurant"
  },
  {
    "name": "Kajun Bring More",
    "food": "gastropub",
    "address": "Kızılay, Selanik Cd No:61",
    "id": 35,
    "postcode": "06420",
    "phone": "3124192027",
    "area": "centre",
    "pricerange": "expensive",
    "type": "restaurant"
  },
  {
    "name": "Kebapçı Aihan",
    "food": "turkish",
    "address": "Mustafa Kemal Mahallesi Mahall İş Merkezi Dumlupınar Bulvarı No:50/51 D:F Blok",
    "id": 36,
    "postcode": "06900",
    "phone": "5380924426",
    "area": "centre",
    "pricerange": "expensive",
    "type": "restaurant"
  },
  {
    "name": "Trilye Restoran",
    "food": "turkish",
    "address": "Kazım Özalp Mah, Kuleli Sokağı No: 32",
    "id": 37,
    "postcode": "06680",
    "phone": "3124471200",
    "area": "centre",
    "pricerange": "expensive",
    "type": "restaurant"
  },
  {
    "name": "Tavacı Recep Usta",
    "food": "turkish",
    "address": "Güzeltepe, Dikmen Vadisi 3. Etap No: 2",
    "id": 38,
    "postcode": "06450",
    "phone": "3124432121",
    "area": "centre",
    "pricerange": "expensive",
    "type": "restaurant"
  },
  {
    "name": "Göksu Lokantaları",
    "food": "turkish",
    "address": "100. Yıl, Nenehatun Cd No:5",
    "id": 39,
    "postcode": "06700",
    "phone": "3124375252",
    "area": "centre",
    "pricerange": "expensive",
    "type": "restaurant"
  },
  {
    "name": "Nusr-et",
    "food": "turkish",
    "address": "Gaziosmanpaşa, Şht. Ömer Haluk Sipahioğlu Sk. No:8",
    "id": 40,
    "postcode": "06700",
    "phone": "3124262382",
    "area": "centre",
    "pricerange": "expensive",
    "type": "restaurant"
  },
  {
    "name": "Müslüm Kebap",
    "food": "turkish",
    "address": "Çukurambar, Muhsin Yazıcıoğlu cad, 1436. Sk. No 3/A",
    "id": 41,
    "postcode": "06530",
    "phone": "3123114344",
    "area": "centre",
    "pricerange": "expensive",
    "type": "restaurant"
  },
  {
    "name": "The Italian Cut - Pizza & Kitchen",
    "food": "italian",
    "address": "no:135, Yukarı Bahçelievler, Azerbaycan Cd.",
    "id": 42,
    "postcode": "06490",
    "phone": "3122220077",
    "area": "centre",
    "pricerange": "expensive",
    "type": "restaurant"
  },
  {
    "name": "Italian Di Pizza",
    "food": "italian",
    "address": "Bahçelievler, 54. Cadde No:9 B D:C",
    "id": 43,
    "postcode": "06500",
    "phone": "3122136349",
    "area": "centre",
    "pricerange": "expensive",
    "type": "restaurant"
  },
  {
    "name": "Küçük İtalya",
    "food": "italian",
    "address": "Remzi Oğuz Arık, Tunalı Hilmi Cd. No:100",
    "id": 44,
    "postcode": "06680",
    "phone": "5491230549",
    "area": "centre",
    "pricerange": "expensive",
    "type": "restaurant"
  },
  {
    "name": "La Gioia",
    "food": "italian",
    "address": "Kavaklıdere, Tahran Cd. No:2",
    "id": 45,
    "postcode": "06700",
    "phone": "3124264488",
    "area": "centre",
    "pricerange": "expensive",
    "type": "restaurant"
  },
  {
    "name": "SushiCo Söğütözü",
    "food": "japanese",
    "address": "Beştepe, 1263. Sokak No:2",
    "id": 46,
    "postcode": "06510",
    "phone": "3122367171",
    "area": "centre",
    "pricerange": "expensive",
    "type": "restaurant"
  },
    {
    "name": "Korelee",
    "food": "korean",
    "address": "Kavaklıdere, Bestekar Cd No:27",
    "id": 47,
    "postcode": "06900",
    "phone": "3124180688",
    "area": "centre",
    "pricerange": "expensive",
    "type": "restaurant"
  },
  {
    "name": "Ege Restaurant",
    "food": "mediterranean",
    "address": "Kavaklıdere Tunalı Hilmi Cad, Barbaros, Büklüm Cd 54/B",
    "id": 48,
    "postcode": "06680",
    "phone": "3124282717",
    "area": "centre",
    "pricerange": "expensive",
    "type": "restaurant"
  },
  {
    "name": "Mitos Meyhane",
    "food": "mediterranean",
    "address": "Remzi Oğuz Arık, Bülten Sk, Kavaklıdere, Tunalı Hilmi Cd. No:4/A",
    "id": 49,
    "postcode": "06680",
    "phone": "3124683272",
    "area": "centre",
    "pricerange": "expensive",
    "type": "restaurant"
  },
  {
    "name": "Jeremy Gourmet",
    "food": "modern european",
    "address": "Yıldızevler, Rabindranath Tagore Cd. 14/D",
    "id": 50,
    "postcode": "06610",
    "phone": "3124393906",
    "area": "centre",
    "pricerange": "expensive",
    "type": "restaurant"
  },
  {
    "name": "The Gang BBQ",
    "food": "north american",
    "address": "Mesnevi Sokak No:9 Çankaya",
    "id": 51,
    "postcode": "06690",
    "phone": "5322635254",
    "area": "centre",
    "pricerange": "expensive",
    "type": "restaurant"
  },
  {
    "name": "Fanus Et Ve Balık Restoran",
    "food": "seafood",
    "address": "Meşrutiyet, Atatürk Blv",
    "id": 52,
    "postcode": "06420",
    "phone": "5305417016",
    "area": "centre",
    "pricerange": "expensive",
    "type": "restaurant"
  },
  {
    "name": "Pitaya Kentpark AVM",
    "food": "thai",
    "address": "Mustafa Kemal Mahallesi Eskişehir Yolu 7.Km No:168/Zemin Kat, Kentpark AVM",
    "id": 53,
    "postcode": "06510",
    "phone": "3122199204",
    "area": "centre",
    "pricerange": "expensive",
    "type": "restaurant"
  },
  {
    "name": "Spice Curry House",
    "food": "indian",
    "address": "Büyükesat, Uğur Mumcu Cd. No:75",
    "id": 54,
    "postcode": "06700",
    "phone": "5374187918",
    "area": "centre",
    "pricerange": "expensive",
    "type": "restaurant"
  },
  {
    "name": "Newcastle 365",
    "food": "british",
    "address": "Birlik, 428. Cadde No:41 D:Z09",
    "id": 55,
    "postcode": "06610",
    "phone": "3124500204",
    "area": "east",
    "pricerange": "expensive",
    "type": "restaurant"
  },
  {
    "name": "Çin Seddi Restaurant",
    "food": "chinese",
    "address": "Mustafa Kemal, MAHALL AVM, Dumlupınar Blv.",
    "id": 56,
    "postcode": "06510",
    "phone": "3125034050",
    "area": "east",
    "pricerange": "expensive",
    "type": "restaurant"
  },
  {
    "name": "Central Bar Restaurant",
    "food": "gastropub",
    "address": "Üniversiteler, Teknokent Silikon Bloklar",
    "id": 57,
    "postcode": "06800",
    "phone": "3125149848",
    "area": "east",
    "pricerange": "expensive",
    "type": "restaurant"
  },
  {
    "name": "Develi1912 Ankara",
    "food": "turkish",
    "address": "100. Yıl, Nenehatun Cd No:73",
    "id": 58,
    "postcode": "06700",
    "phone": "3124462727",
    "area": "east",
    "pricerange": "expensive",
    "type": "restaurant"
  },
  {
    "name": "Fevzi Hoca Balık Lokantası",
    "food": "turkish",
    "address": "Söğütözü Cad, Eski Saklı Bahçe Karşısı 8/6",
    "id": 59,
    "postcode": "06560",
    "phone": "3122154560",
    "area": "east",
    "pricerange": "expensive",
    "type": "restaurant"
  },
  {
    "name": "ALTAY ORTA ASYA SOFRASI",
    "food": "asian oriental",
    "address": "Kızılay, Sakarya Cd. no:10/14",
    "id": 60,
    "postcode": "06420",
    "phone": "5452624252",
    "area": "north",
    "pricerange": "expensive",
    "type": "restaurant"
  },
  {
    "name": "Chinabloom Mutlukent Mahallesi",
    "food": "chinese",
    "address": "Mutlukent Mahallesi 2432. Cadde No:97 B Blok /14, Galleria Alışveriş Merkezi",
    "id": 61,
    "postcode": "06810",
    "phone": "3122365060",
    "area": "north",
    "pricerange": "expensive",
    "type": "restaurant"
  },
  {
    "name": "Quick China Arcadium",
    "food": "chinese",
    "address": "Koru, Arcadium AVM, 2432. Cd. no:192 D:Z11",
    "id": 62,
    "postcode": "06810",
    "phone": "3122417968",
    "area": "north",
    "pricerange": "expensive",
    "type": "restaurant"
  },
  {
    "name": "Ruhe Restaurant",
    "food": "european",
    "address": "Kazım Özalp, Nenehatun Cd No:123 D:A",
    "id": 63,
    "postcode": "06680",
    "phone": "5344532999",
    "area": "north",
    "pricerange": "expensive",
    "type": "restaurant"
  },
  {
    "name": "Fige Restaurant",
    "food": "french",
    "address": "Çankaya, Çankaya Mahallesi Prof. Dr Aziz Sancar Caddesi No:15",
    "id": 64,
    "postcode": "06690",
    "phone": "3124380721",
    "area": "north",
    "pricerange": "expensive",
    "type": "restaurant"
  },
  {
    "name": "WOK STREET",
    "food": "chinese",
    "address": "Yıldızevler, 708. Sk. 11/D",
    "id": 65,
    "postcode": "06690",
    "phone": "3124674445",
    "area": "south",
    "pricerange": "expensive",
    "type": "restaurant"
  },
  {
    "name": "Asian House - Turan Güneş Şubesi Ankara",
    "food": "chinese",
    "address": "Sancak, 509. Sk. no:3",
    "id": 66,
    "postcode": "06550",
    "phone": "5302082828",
    "area": "south",
    "pricerange": "expensive",
    "type": "restaurant"
  },
  {
    "name": "Kalbur Balık",
    "food": "turkish",
    "address": "Oran Çarşısı C Blok No:23 Çankaya Merkez",
    "id": 67,
    "postcode": "06450",
    "phone": "3124905001",
    "area": "south",
    "pricerange": "expensive",
    "type": "restaurant"
  },
  {
    "name": "Toscana Pizzeria and Burger",
    "food": "italian",
    "address": "Yıldızevler",
    "id": 68,
    "postcode": "06550",
    "phone": "3129999695",
    "area": "south",
    "pricerange": "expensive",
    "type": "restaurant"
  },
  {
    "name": "El Corazon De El Paso",
    "food": "mexican",
    "address": "Oran, Kudüs Cd. No:182",
    "id": 69,
    "postcode": "06550",
    "phone": "3124910030",
    "area": "south",
    "pricerange": "expensive",
    "type": "restaurant"
  },
  {
    "name": "Newcastle Arcadium",
    "food": "british",
    "address": "Koru, 2432. Cd. No:192",
    "id": 70,
    "postcode": "06810",
    "phone": "3122420307",
    "area": "west",
    "pricerange": "expensive",
    "type": "restaurant"
  },
  {
    "name": "Newcastle Pub Galleria",
    "food": "british",
    "address": "Mutlukent, Galleria",
    "id": 71,
    "postcode": "06800",
    "phone": "3122361118",
    "area": "west",
    "pricerange": "expensive",
    "type": "restaurant"
  },
  {
    "name": "Balkon Cafe & Restaurant",
    "food": "european",
    "address": "Kızılırmak, 1443. Cd. No:12",
    "id": 72,
    "postcode": "06510",
    "phone": "3122869697",
    "area": "west",
    "pricerange": "expensive",
    "type": "restaurant"
  },
  {
    "name": "Uludağ Kebapçısı",
    "food": "turkish",
    "address": "Eskisehir Yolu Armada Alisveris ve Is Merkezi No:6 K:2 D:166",
    "id": 73,
    "postcode": "06510",
    "phone": "3123090400",
    "area": "west",
    "pricerange": "expensive",
    "type": "restaurant"
  },
  {
    "name": "Közbiber Ocakbaşı",
    "food": "turkish",
    "address": "Nergiz sokak, yaşam caddesi Armada AVM arkası VIA FLAT dışı",
    "id": 74,
    "postcode": "06560",
    "phone": "3122190202",
    "area": "west",
    "pricerange": "expensive",
    "type": "restaurant"
  },
  {
    "name": "Adalı Mutfak Restoran",
    "food": "turkish",
    "address": "Prof. Dr. Ahmet Taner Kışlalı, Mahallesi, 2811. Cd. No:3",
    "id": 75,
    "postcode": "06810",
    "phone": "3122400600",
    "area": "west",
    "pricerange": "expensive",
    "type": "restaurant"
  },
  {
    "name": "Tarabya Balıkçısı",
    "food": "turkish",
    "address": "Gaziosmanpaşa Mahallesi, Attar Sk. NO:8",
    "id": 76,
    "postcode": "06700",
    "phone": "3124684511",
    "area": "west",
    "pricerange": "expensive",
    "type": "restaurant"
  },
  {
    "name": "Şehir Kebapçısı",
    "food": "turkish",
    "address": "Mustafa Kemal, 2079. Sk. No:2 D:C",
    "id": 77,
    "postcode": "06510",
    "phone": "3122202417",
    "area": "west",
    "pricerange": "expensive",
    "type": "restaurant"
  },
  {
    "name": "thaicurry restaurant",
    "food": "thai",
    "address": "1480 sokak.besa kule b2/7, Çukurambar",
    "id": 78,
    "postcode": "06460",
    "phone": "5301710250",
    "area": "west",
    "pricerange": "expensive",
    "type": "restaurant"
  },
  {
    "name": "Sushi House",
    "food": "asian oriental",
    "address": "Esatoğlu, Bardacık Sk. 55/D",
    "id": 79,
    "postcode": "06370",
    "phone": "3122519386",
    "area": "centre",
    "pricerange": "moderate",
    "type": "restaurant"
  },
  {
    "name": "Bilkent York Street Food Company",
    "food": "british",
    "address": "Üniversiteler Mahallesi 1598 Bilkent Plaza serpmeleri, Ankuva AVM 12/29",
    "id": 80,
    "postcode": "06800",
    "phone": "3122661245",
    "area": "centre",
    "pricerange": "moderate",
    "type": "restaurant"
  },
  {
    "name": "Etlere Fön Çeken Adam Steak Bus",
    "food": "british",
    "address": "Balgat, Ceyhun Atıf Kansu caddesi Ehlibeyt mahallesi 97/B",
    "id": 81,
    "postcode": "06490",
    "phone": "5343205700",
    "area": "centre",
    "pricerange": "moderate",
    "type": "restaurant"
  },
  {
    "name": "The Beer House",
    "food": "british",
    "address": "Üniversiteler, Çamlık Sitesi No:142",
    "id": 82,
    "postcode": "06800",
    "phone": "3122262200",
    "area": "centre",
    "pricerange": "moderate",
    "type": "restaurant"
  },
  {
    "name": "Etmanyak Burger&Sosis",
    "food": "british",
    "address": "Güvenevler, Farabi Sk. No:39",
    "id": 83,
    "postcode": "06690",
    "phone": "3124268558",
    "area": "centre",
    "pricerange": "moderate",
    "type": "restaurant"
  },
  {
    "name": "Chinabloom",
    "food": "chinese",
    "address": "Mustafa Kemal Mah. 2118 Cadde Maidan Yaşam Merkezi A Blok No:4A, Mustafa Kemal, D:182",
    "id": 84,
    "postcode": "06530",
    "phone": "3125575555",
    "area": "centre",
    "pricerange": "moderate",
    "type": "restaurant"
  },
  {
    "name": "QUICK CHINA",
    "food": "chinese",
    "address": "Büyükesat, Uğur Mumcu Sk. No:64/B",
    "id": 85,
    "postcode": "06700",
    "phone": "3124370303",
    "area": "centre",
    "pricerange": "moderate",
    "type": "restaurant"
  },
  {
    "name": "Quick China Bilkent",
    "food": "chinese",
    "address": "Üniversiteler Mahallesi 4. Cad, Bilkent Center 3/37",
    "id": 86,
    "postcode": "06800",
    "phone": "3122663000",
    "area": "centre",
    "pricerange": "moderate",
    "type": "restaurant"
  },
  {
    "name": "Louise Brasserie & Lounge",
    "food": "european",
    "address": "100. Yıl, Filistin Cd. No:37",
    "id": 87,
    "postcode": "06700",
    "phone": "5454475100",
    "area": "centre",
    "pricerange": "moderate",
    "type": "restaurant"
  },
  {
    "name": "Cafe des Cafes",
    "food": "european",
    "address": "Kavaklıdere, Tunalı Hilmi Cd. 83/A",
    "id": 88,
    "postcode": "06680",
    "phone": "3124265511",
    "area": "centre",
    "pricerange": "moderate",
    "type": "restaurant"
  },
  {
    "name": "The Muddy Waters Selanik",
    "food": "gastropub",
    "address": "Meşrutiyet, Selanik Cd No:80 D:B",
    "id": 89,
    "postcode": "06420",
    "phone": "3124197232",
    "area": "centre",
    "pricerange": "moderate",
    "type": "restaurant"
  },
  {
    "name": "DeliCo Cafe Restaurant",
    "food": "international",
    "address": "Çamlıtepe, Cemal Gürsel Cad. No:50",
    "id": 90,
    "postcode": "06590",
    "phone": "3124317007",
    "area": "centre",
    "pricerange": "moderate",
    "type": "restaurant"
  },
  {
    "name": "Hacerin mutfağı",
    "food": "international",
    "address": "Anıttepe, Bitiştiren Sk. No:2",
    "id": 91,
    "postcode": "06570",
    "phone": "5324949511",
    "area": "centre",
    "pricerange": "moderate",
    "type": "restaurant"
  },
  {
    "name": "Vento Italiano Ristorante",
    "food": "italian",
    "address": "Gaziosmanpaşa, Attar Sk. No:10",
    "id": 92,
    "postcode": "06700",
    "phone": "5326890648",
    "area": "centre",
    "pricerange": "moderate",
    "type": "restaurant"
  },
  {
    "name": "Mezzaluna",
    "food": "italian",
    "address": "İran Cad, Gaziosmanpaşa, Turan Emeksiz Sk. No:1",
    "id": 93,
    "postcode": "06700",
    "phone": "3124675819",
    "area": "centre",
    "pricerange": "moderate",
    "type": "restaurant"
  },
  {
    "name": "Kebapçı Mümtaz",
    "food": "lebanese",
    "address": "No:176, Bağlar Cd, Büyükesat",
    "id": 94,
    "postcode": "06700",
    "phone": "3124482020",
    "area": "centre",
    "pricerange": "moderate",
    "type": "restaurant"
  },
  {
    "name": "Liva Pastanesi",
    "food": "modern european",
    "address": "Hilal, 702. Sk. No:7/7",
    "id": 95,
    "postcode": "06810",
    "phone": "3124393888",
    "area": "centre",
    "pricerange": "moderate",
    "type": "restaurant"
  },
  {
    "name": "Bigbang Burger Maidan Avm",
    "food": "modern european",
    "address": "Söğütözü, Mustafa Kemal, 2118. Cd. No:183 D:No:4 182",
    "id": 96,
    "postcode": "06510",
    "phone": "4442919",
    "area": "centre",
    "pricerange": "moderate",
    "type": "restaurant"
  },
  {
    "name": "Last Penny",
    "food": "spanish",
    "address": "Bahçelievler, Prof. Muammer Aksoy Cd No:51",
    "id": 97,
    "postcode": "06490",
    "phone": "3122220016",
    "area": "centre",
    "pricerange": "moderate",
    "type": "restaurant"
  },
  {
    "name": "Rice Spice",
    "food": "indian",
    "address": "Bahçelievler, Mareşal Fevzi Çakmak Cd. No:16/A",
    "id": 98,
    "postcode": "06490",
    "phone": "3122156560",
    "area": "centre",
    "pricerange": "moderate",
    "type": "restaurant"
  },
  {
    "name": "Dhaaba 47",
    "food": "indian",
    "address": "Yıldızevler, Rabinad, Rabindranath Tagore Cd. No:39/A",
    "id": 99,
    "postcode": "06640",
    "phone": "5050088166",
    "area": "centre",
    "pricerange": "moderate",
    "type": "restaurant"
  },
  {
    "name": "CAN CİĞER BALIK KÖFTE",
    "food": "turkish",
    "address": "Serhat, HM Commerce Center, Melih Gökçek Blv. D:63 D:114",
    "id": 100,
    "postcode": "06378",
    "phone": "5056461727",
    "area": "east",
    "pricerange": "moderate",
    "type": "restaurant"
  },
  {
    "name": "Cezzar Steakhouse",
    "food": "turkish",
    "address": "Oğuzlar Mahallesi, Ceyhun Atuf Kansu Cd. No: 35",
    "id": 101,
    "postcode": "06520",
    "phone": "3122857075",
    "area": "east",
    "pricerange": "moderate",
    "type": "restaurant"
  },
  {
    "name": "Sbarro",
    "food": "italian",
    "address": "Akşemsettin Mah. Doğukent Cad. No:213/A Nata Vega Outlet",
    "id": 102,
    "postcode": "06480",
    "phone": "4447227",
    "area": "east",
    "pricerange": "moderate",
    "type": "restaurant"
  },
  {
    "name": "Quick China Çayyolu",
    "food": "chinese",
    "address": "Prof. Dr. Ahmet Taner Kışlalı, 2864. Cd. 15/C",
    "id": 103,
    "postcode": "06810",
    "phone": "3122411414",
    "area": "north",
    "pricerange": "moderate",
    "type": "restaurant"
  },
  {
    "name": "ŞEN MERSİN TANTUNİ",
    "food": "turkish",
    "address": "Etlik, Adnan Yüksel Cd. No:5/B",
    "id": 104,
    "postcode": "06010",
    "phone": "3123267575",
    "area": "north",
    "pricerange": "moderate",
    "type": "restaurant"
  },
  {
    "name": "Appetito",
    "food": "italian",
    "address": "Birlik",
    "id": 105,
    "postcode": "06610",
    "phone": "3124500220",
    "area": "south",
    "pricerange": "moderate",
    "type": "restaurant"
  },
  {
    "name": "Balıkağa Restaurant",
    "food": "modern european",
    "address": "Güzeltepe, Ahmet Mithat Efendi Sk. No:14",
    "id": 106,
    "postcode": "06690",
    "phone": "3124426222",
    "area": "south",
    "pricerange": "moderate",
    "type": "restaurant"
  },
  {
    "name": "Newcastle Tepe Prime",
    "food": "british",
    "address": "Mustafa Kemal, Dumlupınar Blv. Tepe Prime Avenue D:B Blok 266/B-01/02",
    "id": 107,
    "postcode": "06510",
    "phone": "3122863321",
    "area": "west",
    "pricerange": "moderate",
    "type": "restaurant"
  },
  {
    "name": "Hayal Kahvesi Ankara",
    "food": "turkish",
    "address": "Mustafa Kemal Mah. Dumlupinar Bulvari No:266/A5-5-7, Mustafa Kemal",
    "id": 108,
    "postcode": "06800",
    "phone": "5356552122",
    "area": "west",
    "pricerange": "moderate",
    "type": "restaurant"
  },
  {
    "name": "Niyokki Makarna",
    "food": "italian",
    "address": "Üniversiteler, Real-Praktiker",
    "id": 109,
    "postcode": "06800",
    "phone": "3122660300",
    "area": "west",
    "pricerange": "moderate",
    "type": "restaurant"
  }
]